year,month,title,link,date,bread_keywords
2022,1,경기도 빵지순례 '라페브'/ 나폴레옹제과 수석쉐프의 신상카페,https://blog.naver.com/kwonek1990/222635156098,2022. 1. 30. 16:45,"크루아상, 샌드위치, 케이크, 쿠키, 빵류, 타르트, 빵등, 소금빵"
2022,1,제주도 성산 카페 서귀피안베이커리 빵지순례,https://blog.naver.com/obh1680/222634273339,2022. 1. 29. 9:05,"스콘, 크루아상, 베이글, 케이크"
2022,1,부산 희와제과 빵지순례 코스로 필수인 서면빵집,https://blog.naver.com/2ski2/222613046727,2022. 1. 5. 8:00,"스콘, 크루아상, 케이크, 소보루빵, 앙버터, 휘낭시에, 맘모스빵"
2022,1,서울 홍대 연남동 빵지순례 (피오니-딸기생크림케이크/푸하하크림빵),https://blog.naver.com/doalchl12/222620068814,2022. 1. 12. 20:45,케이크
2022,1,"강남 가로수길, 빵지순례 가볼만한곳 랜디스도넛 추천메뉴",https://blog.naver.com/tnwlsdl702/222618598740,2022. 1. 11. 11:13,"파이, 마늘빵, 도넛"
2022,1,천안 빵지순례 빵돌가마 마을이 있는 뚜쥬루 돌가마점,https://blog.naver.com/sbmn0313/222618376178,2022. 1. 11. 1:45,"케이크, 까눌레, 빵돌, 팥빵"
2022,1,빵지순례 구례여행 목월빵집,https://blog.naver.com/hyr67/222613018167,2022. 1. 4. 21:37,"크루아상, 호밀빵"
2022,1,껠끄쇼즈 초콜렛잼 / 디저트맛집 빵지순례를 대신할 소금 초콜릿,https://blog.naver.com/chicssuin/222610920871,2022. 1. 2. 15:32,"타르트, 토스트"
2022,1,"[서울/서울숲] <빵의정석>, 빵지순례#2",https://blog.naver.com/seung2435/222630407099,2022. 1. 24. 22:49,"크루아상, 프레첼, 빵봉"
2022,1,인천 빵지순례 안스베이커리 소금빵 사왔어요,https://blog.naver.com/finedays7324/222629884626,2022. 1. 24. 12:59,"마들렌, 쿠키, 소금빵"
2022,1,부산빵지순례 부산역맛집 1950태성당,https://blog.naver.com/yaki07/222612160184,2022. 1. 3. 23:05,"크루아상, 케이크, 단팥빵, 메론빵, 파이, 맘모스빵"
2022,1,제주 성산카페 갬성가득 빵지순례 명소 서귀피안 베이커리,https://blog.naver.com/tjdrud34/222634270934,2022. 1. 29. 8:59,크루아상
2022,1,부산 빵지순례 맛집 초량 1950 태성당,https://blog.naver.com/miracle_p/222612458845,2022. 1. 5. 10:00,"크루아상, 메론빵, 소금빵"
2022,1,남해 통영 먹거리 빵지순례 만나꿀빵,https://blog.naver.com/gaongim/222629555517,2022. 1. 26. 20:51,"꿀빵, 호박빵, 톳빵"
2022,1,목포 빵지순례/ 씨엘비 빵택배,https://blog.naver.com/rolo_ggo/222618578892,2022. 1. 11. 10:51,"샌드위치, 빵빵, 케이크"
2022,1,"여수 빵집/빵지순례, 갓버터도나스",https://blog.naver.com/mandu_u/222612468277,2022. 1. 18. 7:00,도넛
2022,1,"서울 빵지순례) 아기자기하고 내공있는 빵집, 우스블랑",https://blog.naver.com/ssuni86/222629447924,2022. 1. 23. 22:27,"크루아상, 샌드위치, 케이크, 토스트, 파이"
2022,1,"군산 시내 빵지순례 빵집, 이성당 추천",https://blog.naver.com/smilly07/222614876486,2022. 1. 6. 21:39,"단팥빵, 케이크"
2022,1,제주빵지순례! 함덕빵집 오드랑베이커리,https://blog.naver.com/knospe830/222634909525,2022. 1. 30. 7:33,처빵
2022,1,택배로 빵지순례 씨엘비베이커리,https://blog.naver.com/9101s/222626246213,2022. 1. 19. 22:59,"호박빵, 케이크"
2022,1,"여수 빵지순례코스 ""갓버터도나스""선물로 너무좋아!",https://blog.naver.com/llrainryuell/222634528980,2022. 1. 29. 17:09,"도넛, 빵속"
2022,1,파주 베이커리 카페 버터킹빵공장 빵지순례,https://blog.naver.com/lsy5088/222615002463,2022. 1. 7. 7:00,"케이크, 킹빵, 쿠키, 빵맛, 밤빵, 팡도르, 빵값, 찰빵, 빵카"
2022,1,제주 빵지순례 빵집 카페 EPL,https://blog.naver.com/hannapride/222613927484,2022. 1. 5. 21:16,
2022,1,강릉 빵지순례 만동제과 / 중화짬뽕빵 꽤 괜찮은데..?!,https://blog.naver.com/0026_j/222611089995,2022. 1. 2. 20:10,"꽃빵, 베이글, 제빵, 빵떡, 빵굼터"
2022,1,"[서울/서울숲] <웨이크앤베이크 성수>, 빵지순례 #1",https://blog.naver.com/seung2435/222630379732,2022. 1. 24. 22:19,"크루아상, 타르트, 빵류, 에그타르트"
2022,1,스타벅스 베이커리- 우리 '미' 쌀 카스테라 - 빵지순례,https://blog.naver.com/inno73/222617014462,2022. 1. 9. 16:47,
2022,1,목월빵집 구례여행에서 빵지순례,https://blog.naver.com/pororo_smile/222618874221,2022. 1. 11. 16:16,빵수니
2022,1,[서울빵지순례/학동역빵집] 외계인방앗간 본점,https://blog.naver.com/moveandlove/222625183975,2022. 1. 18. 20:53,"스콘, 샌드위치, 케이크, 앙버터, 베이글, 쌀빵, 김빵, 소금빵"
2022,1,충주 카페 호암지 빵지순례 듀레베이커리 호암점,https://blog.naver.com/gaongim/222624186997,2022. 1. 17. 20:00,
2022,1,망원동 빵집 어글리베이커리 / 빵지순례 코스 / 속재료가 가득가득 / 주말 웨이팅,https://blog.naver.com/dossiyam/222629977902,2022. 1. 24. 14:44,"스콘, 맘모스빵"
2022,1,"서울 빵지순례) 가격도 착하고 맛있는 성내동 빵집, 율베이커리",https://blog.naver.com/ssuni86/222612482083,2022. 1. 4. 11:09,"크루아상, 샌드위치, 앙버터, 제빵, 퀸아망"
2022,1,서울 빵지순례 시간을들이다 & 스콘 맛집 달굼당,https://blog.naver.com/redplum02/222627227942,2022. 1. 20. 23:48,"스콘, 크루아상, 케이크, 앙버터, 프레첼, 빵일, 파이"
2022,1,이천 비건 카페 추천 빵지순례 로켓단 카페,https://blog.naver.com/joara127/222630498426,2022. 1. 25. 7:00,건빵
2022,1,부산 빵지순례 - 기장 베이커리 카페 메르데쿠르,https://blog.naver.com/niky8888/222618111829,2022. 1. 10. 20:21,"스콘, 크루아상, 버터빵, 앙버터"
2022,1,제주 빵지순례 한림 오누 큐브식빵,https://blog.naver.com/sesehhh/222632658903,2022. 1. 27. 11:59,"빵구, 쿠키"
2022,2,강북 가볼만한곳 창신동 도넛정수 카페 서울 빵지순례,https://blog.naver.com/msjh1012/222646611674,2022. 2. 14. 18:00,도넛
2022,2,인천 차이나타운 홍두병 빵지순례,https://blog.naver.com/obh1680/222652982216,2022. 2. 21. 8:00,
2022,2,목포 빵지순례 :: 씨엘비 베이커리 ♪,https://blog.naver.com/cateye99/222649120774,2022. 2. 16. 13:15,"케이크, 호박빵, 빵좀"
2022,2,"부산빵지순례, 믿고 가본 50년전통 태성당",https://blog.naver.com/torycco/222647603665,2022. 2. 14. 21:08,"크루아상, 파이, 메론빵, 단팥빵"
2022,2,강릉 안목해변 카페거리 강릉 오션뷰 카페 커피거리 빵지순례,https://blog.naver.com/hloveh01/222636381580,2022. 2. 2. 12:12,콩빵
2022,2,부산 뚜벅이 여행 놀곳 전포 카페거리 부산 빵지순례,https://blog.naver.com/kyena200/222652590108,2022. 2. 21. 0:00,"스콘, 잠봉뵈르, 샌드위치, 계란빵"
2022,2,제주도 서귀포 카페 서귀피안베이커리 오션뷰 초대형 빵지순례,https://blog.naver.com/kizaki56/222655440428,2022. 2. 26. 8:10,
2022,2,[부천빵집/상동빵집] 카스테라 맛집 베이커리 카페 명인빵지순례 1984 상동점,https://blog.naver.com/sunkyung90/222658089647,2022. 2. 26. 0:55,"스콘, 샌드위치, 마늘빵, 케이크, 소보루빵, 쿠키, 단팥빵, 깨찰빵, 앙버터, 빵칼, 건빵, 맘모스빵"
2022,2,군산 빵지순례 여행 빵집 이성당과 군산 짬뽕맛집 왕산중화요리 주차와 영업시간,https://blog.naver.com/hasarin0/222646687235,2022. 2. 13. 22:13,"단팥빵, 찐빵"
2022,2,"어썸베이글 영등포 타임스퀘어 가볼만한곳, 빵지순례 맛집 메뉴+가격",https://blog.naver.com/gftravel/222653485777,2022. 2. 21. 13:15,"샌드위치, 베이글, 빵순"
2022,2,"서울 빵지순례 / 연희동 '피터팬 1978' - 소금빵(시오빵), 아기궁댕이",https://blog.naver.com/cherry_liu/222640361915,2022. 2. 7. 7:00,소금빵
2022,2,남원 빵지순례 빵집 장소 추천,https://blog.naver.com/goodnamwon/222643875612,2022. 2. 10. 13:30,집빵
2022,2,서울 빵지순례 교대역 카페 산도 후기,https://blog.naver.com/totoroyn00/222638029519,2022. 2. 3. 18:54,"샌드위치, 빵결, 토스트"
2022,2,"천안 뚜쥬루, 빵순이의 빵지순례",https://blog.naver.com/mono_mo/222641474998,2022. 2. 7. 21:18,"크루아상, 샌드위치, 단팥빵, 소금빵"
2022,2,동해빵지순례 내가가본 동해 디저트 카페,https://blog.naver.com/joara127/222660083192,2022. 2. 28. 15:53,"샌드위치, 앙버터, 처빵"
2022,2,"성산 빵집 보룡제과, 제주 베이커리 빵지 순례",https://blog.naver.com/sexysharon/222646344983,2022. 2. 13. 13:46,"단팥빵, 빵킷"
2022,2,경주 빵지순례 컵넛 도넛,https://blog.naver.com/obh1680/222651356827,2022. 2. 18. 19:12,도넛
2022,2,"연희동 빵지순례, 연희김밥* 피터팬1978,폴앤폴리나",https://blog.naver.com/hnpppp/222659978290,2022. 2. 28. 14:02,빵남빵녀셔
2022,2,[부산여행] 빵지순례 OPS 옵스 해운대점 학원전빵 사러~,https://blog.naver.com/veronica_80/222636267377,2022. 2. 1. 15:00,"슈톨렌, 파이, 쿠키, 푸딩"
2022,2,김포 빵지순례 구래동빵집 라페브 베이커리 케익등등,https://blog.naver.com/sajalife_/222654803556,2022. 2. 22. 17:46,"단팥빵, 타르트, 케이크, 소금빵"
2022,2,전국 5대 빵집 광주 궁전제과 빵지순례 후기,https://blog.naver.com/barbieone/222639487384,2022. 2. 5. 13:01,"알빵, 맘모스빵"
2022,2,울산 빵지순례 :: 해월당 본점을 방문하다,https://blog.naver.com/banana_pizza/222657718669,2022. 2. 25. 16:58,"빵빵, 빵욕, 소금빵"
2022,2,강릉빵지순례 키크러스 연탄빵 강릉빵집 바로방,https://blog.naver.com/youliyan/222652721389,2022. 2. 20. 16:46,"샌드위치, 소보로빵, 도넛, 빵맛, 쿠키, 단팥빵, 제빵"
2022,2,서울 카페 강남 빵지순례 외계인방앗간 강남언주역점,https://blog.naver.com/gaongim/222639508030,2022. 2. 5. 13:37,쌀빵
2022,2,"교대역 카페 - 산도 : 에그산도, 라떼 (서울 빵지순례)",https://blog.naver.com/offspring84/222640495146,2022. 2. 6. 20:38,샌드위치
2022,2,강릉중앙시장 팡파미유 육쪽마늘빵 강릉빵지순례!,https://blog.naver.com/alouete/222639921565,2022. 2. 6. 0:06,마늘빵
2022,2,플모 대한항공 장블랑제리 빵지순례,https://blog.naver.com/totoroyn00/222646511106,2022. 2. 13. 18:09,"호빵, 단팥빵, 베이글, 팥빵, 맘모스빵"
2022,2,광주 빵 맛집 썬베이커리 여행 중 빵지순례,https://blog.naver.com/zeropop0/222636432746,2022. 2. 1. 16:56,"크루아상, 타르트, 제과제빵, 에그타르트"
2022,2,제주 아라동빵집 맛있는 '조은빵' 빵지순례,https://blog.naver.com/sk57533/222657555350,2022. 2. 25. 13:58,"토스트, 롤빵, 쌀빵, 쿠키"
2022,2,[구례/빵지순례] 취향 갈릴 목월빵집(나는 불호),https://blog.naver.com/happymiy78/222653608919,2022. 2. 21. 15:18,밤팥빵
2022,2,제주 서쪽 카페 오지힐제주 빵지순례,https://blog.naver.com/obh1680/222644632421,2022. 2. 11. 10:01,"스콘, 크루아상, 케이크, 에그타르트, 쿠키, 빵류, 타르트, 건빵, 파이"
2022,2,대구 지산동 빵집 추천 라봉봉제과점 빵지순례,https://blog.naver.com/76boragom/222639002923,2022. 2. 4. 19:51,"샌드위치, 케이크, 빵떼샷"
2022,2,부산 동래 빵집 빠리쟝 베이커리 ✔︎ 부산 빵지순례,https://blog.naver.com/eunaas/222638430317,2022. 2. 4. 8:13,"샌드위치, 케이크, 쿠키, 단팥빵, 소금빵"
2022,2,방구석 빵지순례 in 도쿄 [오보록 왕 언니 책 추천],https://blog.naver.com/oborok_/222651614143,2022. 2. 21. 23:50,"제빵, 샌드위치, 빵슐랭"
2022,2,서울 빵지순례 파리바게트 양재 본점 후기,https://blog.naver.com/barbieone/222657981652,2022. 2. 25. 22:34,"샌드위치, 소보로빵, 케이크, 맘모스빵"
2022,3,목포 빵지순례 씨엘비베이커리 너무 맛있어!,https://blog.naver.com/hyoniholic/222669372063,2022. 3. 11. 3:19,"케이크, 빵반"
2022,3,제주시 카페 제주 나모나모카페 제주도 빵지순례 추천,https://blog.naver.com/nailstan/222679532059,2022. 3. 22. 9:59,"크루아상, 케이크, 파이, 팡도르"
2022,3,경주 여행 먹거리 경주 황남빵 빵지순례,https://blog.naver.com/wlsgml850/222682591856,2022. 3. 29. 4:50,황남빵
2022,3,대구 빵지순례 윈드윈 베이커리,https://blog.naver.com/katie85/222675200838,2022. 3. 18. 8:30,"스콘, 크루아상, 샌드위치, 파이"
2022,3,서울 카페 익선동 한옥거리 디저트 수플레 빵지순례,https://blog.naver.com/fromrei8/222675204705,2022. 3. 17. 12:51,
2022,3,대전 가볼만한곳 전국 3대 빵집 성심당 빵지순례,https://blog.naver.com/barbieone/222667293009,2022. 3. 8. 18:41,"샌드위치, 소보로빵, 빵일, 소금빵"
2022,3,"대구의 이중 매력-원래 대세 대구 10미, 요즘 대세 빵지순례!",https://blog.naver.com/daegu_news/222685879371,2022. 3. 29. 15:00,"크루아상, 앙버터, 마들렌"
2022,3,서울 근교 카페 베이커리 라페브(Lafeve)로 빵지순례,https://blog.naver.com/hexeph/222670450422,2022. 3. 14. 0:40,"크루아상, 샌드위치, 혼빵, 소보루빵, 단팥빵, 앙버터, 타르트, 프레첼, 탕종빵, 소금빵"
2022,3,가평 빵집 르봉뺑 빵지순례,https://blog.naver.com/obh1680/222688007822,2022. 3. 31. 16:03,"스콘, 크루아상, 샌드위치, 케이크, 단팥빵, 앙버터, 고구마빵, 타르트, 슈톨렌"
2022,3,빵지순례:: 평택 <메인스트리트> 대형 베이커리 카페 솔직후기,https://blog.naver.com/yhm529/222663001742,2022. 3. 3. 18:31,"케이크, 쿠키, 소금빵"
2022,3,여수 빵집 빵지순례 필수코스 갓버터도나스,https://blog.naver.com/love_hcjh/222688408640,2022. 3. 31. 23:44,
2022,3,"학동역 빵집 외계인방앗간 본점, 서울빵지순례",https://blog.naver.com/pinkponytail/222687529674,2022. 3. 31. 2:25,"케이크, 토스트, 쌀빵, 김빵, 소금빵"
2022,3,충주 카페 빵집 빵지순례 더포렛,https://blog.naver.com/gaongim/222661545658,2022. 3. 2. 7:33,크루아상
2022,3,부산 빵지순례 신상 빵집 무무제과,https://blog.naver.com/juya93/222666574331,2022. 3. 7. 23:15,"샌드위치, 피스타치오, 토스트, 퀸아망, 소금빵"
2022,3,서울 빵지순례 잠봉뵈르 맛집 에르제 성수,https://blog.naver.com/kangpoorun/222684825838,2022. 3. 29. 7:00,"스콘, 까눌레, 잠봉뵈르, 호밀빵"
2022,3,[빵지순례] 명동성당 르빵 - 밤식빵과 딸기케잌,https://blog.naver.com/100su0/222672493929,2022. 3. 14. 18:30,"샌드위치, 케이크, 타르트, 르빵, 맘모스빵, 르빵입니"
2022,3,서울 빵지순례 르뱅룰즈,https://blog.naver.com/cheawhi/222664433204,2022. 3. 5. 11:41,"스콘, 샌드위치, 쿠키, 잠봉뵈르, 앙버터, 소금빵"
2022,3,"대구 빵지순례 : 르폴뒤 방문, 크로와상 맛집",https://blog.naver.com/banana_pizza/222667846130,2022. 3. 9. 12:20,"스콘, 크루아상, 케이크, 베이글, 고구마빵, 제빵, 타르트, 프레첼, 소금빵"
2022,3,제주 빵지순례 오드랑베이커리 빵 맛집,https://blog.naver.com/17wow17/222667970219,2022. 3. 9. 15:41,"스콘, 케이크, 에그타르트, 베이글, 제빵, 타르트, 제과제빵"
2022,3,서울빵지순례 올드페리도넛 한남점,https://blog.naver.com/irelsuga/222678785024,2022. 3. 21. 14:38,도넛
2022,3,부천 카스테라 맛집 명인빵지순례상동점 촉촉해,https://blog.naver.com/28blue_sky/222683216811,2022. 3. 26. 9:10,"크루아상, 샌드위치, 마늘빵, 단팥빵, 화이트롤, 맘모스빵, 소금빵"
2022,3,빵지순례 부산 카페 칠암사계 소금빵 맛집,https://blog.naver.com/wlgml8857/222680257537,2022. 3. 22. 23:41,"크루아상, 케이크, 제과제빵, 휘낭시에, 소금빵"
2022,3,빵지순례 안동 월영교달빵 팥크림&딸기크림!,https://blog.naver.com/alouete/222671371630,2022. 3. 31. 15:50,"교달빵, 맘모스빵, 달빵"
2022,3,풍무동 빵집 비앙그랑 김포 빵지순례,https://blog.naver.com/limjark2/222681184339,2022. 3. 23. 22:46,"스콘, 연탄초쿄빵, 케이크, 쿠키"
2022,3,빵지순례 다녀온 남양주 현대프리미엄아울렛 성북동빵공장,https://blog.naver.com/nana_80/222677257760,2022. 3. 19. 17:33,"빵값, 케이크, 팡도르, 버터빵"
2022,3,제주도 빵지순례 빵귿 시오빵 소금빵 먹어봤어요!,https://blog.naver.com/challiya/222656336273,2022. 3. 2. 6:00,"스콘, 샌드위치, 잠봉뵈르, 베이글, 앙버터, 프레첼, 빵귿, 소금빵"
2022,3,제주도 빵지순례 제주 빵집 제주호랭이 사계점,https://blog.naver.com/gaongim/222680002353,2022. 3. 22. 18:32,도넛
2022,3,서울 빵지순례 르뱅룰즈 잠봉뵈르 맛집 선릉 베이커리 카페,https://blog.naver.com/pih870318/222672591705,2022. 3. 14. 20:29,"스콘, 샌드위치, 쿠키, 잠봉뵈르, 제빵, 소금빵"
2022,3,빵지순례~옥수역 퀸즈베이커리,https://blog.naver.com/spiriti/222668975473,2022. 3. 10. 17:44,빵결
2022,3,홍대 만동제과 빵지순례 성공적이었어,https://blog.naver.com/skawjddl23/222675347385,2022. 3. 17. 15:25,"앙버터, 베이글, 프레첼, 곰보빵"
2022,3,집에서 편하게 택배로 받은 빵지순례 목포 씨엘비베이커리,https://blog.naver.com/fromantic/222681507508,2022. 3. 24. 10:41,
2022,3,대전역 성심당 선물 추천 순수롤 롤케익 빵지순례,https://blog.naver.com/rano_0114/222669434835,2022. 3. 11. 7:28,케이크
2022,3,빵지순례 목포 크림치즈 새우 바게트 맛집 씨엘비 CLB,https://blog.naver.com/kyouran/222674629629,2022. 3. 16. 20:41,케이크
2022,3,"VEZZLY, 베즐리 현대백화점 판교점, 판교 빵지순례로 찾아가 봅니다.",https://blog.naver.com/4julove/222671591492,2022. 3. 13. 21:01,"케이크, 앙버터"
2022,3,KTX 대전역 성심당 위치 케이크 순수롤 대전 빵지순례,https://blog.naver.com/niky8888/222665295464,2022. 3. 6. 15:55,"크루아상, 샌드위치, 케이크, 마들렌"
2022,4,제주 빵지순례 제주도 카페 볕이드는곳벧디,https://blog.naver.com/greek_trick/222699336292,2022. 4. 13. 9:35,타르트
2022,4,"부평 빵지순례 나들이 <꽁뜨빵>, <더즌매터>",https://blog.naver.com/withbupyeong/222689100988,2022. 4. 3. 11:30,"크루아상, 케이크, 앙버터, 토스트, 프레첼, 쌀빵, 소금빵"
2022,4,인천 : 노드로드 카페 청리단길 (feat 명인빵지순례 베이커리),https://blog.naver.com/gmonstro/222716452768,2022. 4. 30. 15:00,샌드위치
2022,4,서울 빵집 코끼리베이글 영등포 빵지순례 주차,https://blog.naver.com/everlsk/222704848441,2022. 4. 19. 8:18,"스콘, 샌드위치, 앙버터, 베이글"
2022,4,대전 여행 코스 마무리는 성심당 국내 빵지순례 명소,https://blog.naver.com/fromrei8/222710891663,2022. 4. 25. 14:57,"샌드위치, 도넛, 파이, 휘빵"
2022,4,포항 영일대 카페 헤이안 빵지순례,https://blog.naver.com/obh1680/222706585302,2022. 4. 20. 21:13,"스콘, 크루아상, 케이크"
2022,4,제주 빵지순례 현지인 추천 오뚜기 빵집,https://blog.naver.com/nana_80/222692802537,2022. 4. 6. 0:19,"마늘빵, 쿠키"
2022,4,부산 빵지순례 남천동 빵집 무슈뱅상,https://blog.naver.com/hi294294294/222690626148,2022. 4. 7. 7:00,크루아상
2022,4,[목포빵집] 목포 빵지순례 씨엘비베이커리,https://blog.naver.com/koreakm1106/222689215202,2022. 4. 1. 20:50,케이크
2022,4,제주 미쁜제과 제주도 빵지순례 좋네,https://blog.naver.com/ezecho/222698017731,2022. 4. 11. 22:41,"케이크, 소금빵"
2022,4,파주 여행 코스 드라이브로 데이트하기 좋은 빵지순례 말똥도넛,https://blog.naver.com/hexeph/222701037703,2022. 4. 14. 22:30,도넛
2022,4,"전주빵지순례 신시가지, 효자동 빵집 버니브레드",https://blog.naver.com/i1214/222711320640,2022. 4. 25. 22:10,스콘
2022,4,[부천 상동베이커리] 명인빵지순례 카스테라맛집,https://blog.naver.com/virgin99/222693617800,2022. 4. 7. 11:20,"크루아상, 샌드위치, 마늘빵, 소보루빵, 단팥빵, 맘모스빵, 소금빵"
2022,4,전라도 빵지 순례 모음,https://blog.naver.com/ohhg33/222710204535,2022. 4. 24. 22:08,"마늘빵, 케이크, 집빵, 단팥빵, 햄빵, 배빵, 목월팥빵, 제빵, 타르트, 알빵, 메론빵, 찐빵, 파이, 할라피뇨빵"
2022,4,#빵귿 #제주도여행 #빵지순례,https://blog.naver.com/gadami_blog/222714494559,2022. 4. 28. 16:39,"잠봉뵈르, 빵귿, 샌드위치, 소금빵"
2022,4,"경주황리단길카페, 경주빵지순례 황남제빵소",https://blog.naver.com/hyoniholic/222709225318,2022. 4. 23. 17:35,"케이크, 빵가루, 제빵, 경주빵, 파이"
2022,4,반포빵집 '화이트리에' 강남 빵지순례 식빵맛집,https://blog.naver.com/msunh/222690720984,,
2022,4,부산 빵지순례 서면 라푀유크로와상,https://blog.naver.com/yui017/222689568436,2022. 4. 2. 10:11,"스콘, 크루아상, 쿠키, 앙버터, 파이"
2022,4,"부산 빵천동 주말투어(빵지순례) 제1탄 ""순쌀빵""",https://blog.naver.com/kk544558/222701268776,2022. 4. 15. 7:14,"타르트, 케이크, 쌀빵"
2022,4,제주공항 근처 카페 베터플랫 빵지순례,https://blog.naver.com/obh1680/222715811434,2022. 4. 29. 21:19,"케이크, 쿠키"
2022,4,서울 빵지순례 밀도 식빵 자꾸 생각나는 맛!,https://blog.naver.com/challiya/222705146914,2022. 4. 22. 6:00,"스콘, 빵빵, 샌드위치, 에그타르트"
2022,4,"게으른 빵순이의 서울 빵지순례 기록2 (리치몬드과자점, 김영모과자점, 파운더리베이크샵)",https://blog.naver.com/songhee3/222712338636,2022. 4. 26. 18:27,"스콘, 샌드위치, 케이크, 쿠키, 파이, 츄러스, 제빵, 타르트, 휘낭시에, 마들렌, 까눌레"
2022,4,제주 한림 카페 빵지순례 가기좋은 이익새양과점,https://blog.naver.com/bonbon_mikan/222710153931,2022. 4. 24. 21:15,
2022,4,"목포 맛집 빵지순례, 씨엘비베이커리",https://blog.naver.com/domhm/222698357142,2022. 4. 12. 10:02,"타르트, 고구마빵"
2022,4,영등포 빵지순례 가볼만한곳 코끼리베이글 빵 구입 시간과 가격,https://blog.naver.com/inno73/222715064219,2022. 4. 29. 8:09,"샌드위치, 베이글"
2022,4,서울 빵지순례 신길동 브레드05 앙버터빵 유명한 곳,https://blog.naver.com/hi294294294/222710132279,2022. 4. 27. 7:00,"크루아상, 샌드위치, 케이크, 도넛, 앙버터, 쑥빵, 버터빵, 쌀빵, 마들렌"
2022,4,서울 빵 맛집(빵지순례),https://blog.naver.com/asdreamer/222713221582,2022. 4. 27. 14:07,"베이글, 빵맛"
2022,4,"서울 빵지순례) 앙버터로 유명한 여의도 빵집,브레드05",https://blog.naver.com/ssuni86/222694402734,2022. 4. 8. 18:30,"크루아상, 케이크, 앙버터, 토스트, 팥빵, 프레첼"
2022,4,동편마을 이학순베이커리 로 빵지순례 다녀왔어요~,https://blog.naver.com/diddyd85/222714947751,2022. 4. 29. 1:45,"케이크, 쿠키"
2022,4,[목포빵집] 씨엘비베이커리 빵지순례 - feat. 코롬방제과점,https://blog.naver.com/tnals8817/222688705868,2022. 4. 1. 10:45,
2022,4,2022년도 최신버전 전국빵집 쓸어보았어요 전국빵지도 빵지순례 빵천동 소확행빵투어...,https://blog.naver.com/aroma2875/222706546389,2022. 4. 20. 20:26,"처빵, 빵맛, 단팥빵, 확행빵, 빵빵, 빵핫, 찰빵"
2022,4,부산 희와제과 빵지순례 하고 왔어요!,https://blog.naver.com/yui017/222702557455,2022. 4. 16. 18:01,"소보로빵, 길빵, 밤팥빵, 휘낭시에, 맘모스빵, 빵피"
2022,4,[노포 여행] 버터크림빵 맛집 춘천 대원당 빵지순례,https://blog.naver.com/ttpttl2002/222712307794,2022. 4. 27. 8:00,"케이크, 마들렌, 휘낭시에, 파이, 맘모스빵"
2022,4,천안 여행 뚜쥬루 뚜쥬르 돌가마점 빵지순례 허브하우스 빵집,https://blog.naver.com/niky8888/222699060389,2022. 4. 12. 22:57,"까눌레, 앙버터, 빵돌, 마늘빵"
2022,4,"강화도카페, 김포가볼만한곳 빵지순례 벤투로사",https://blog.naver.com/hexeph/222702641995,2022. 4. 19. 0:30,도넛
2022,5,런던 베이글 뮤지엄 메뉴 서울카페 북촌 빵지순례,https://blog.naver.com/wlsgml850/222714241445,2022. 5. 1. 0:05,"베이글, 빵겉"
2022,5,선릉역 카페 빵지순례로 꼭 들려야 할 르뱅룰즈,https://blog.naver.com/qufzhd12/222726193438,2022. 5. 10. 9:00,"스콘, 샌드위치, 쿠키, 잠봉뵈르, 빵일, 소금빵"
2022,5,강릉빵집 : 중앙시장 빵지순례 필수 코스 만동제과,https://blog.naver.com/love-yesong/222719684387,2022. 5. 3. 16:21,"마늘빵, 베이글"
2022,5,"[서울/망원동]투떰즈업 ""맘모스, 쑥쑥모스, 피스타치오롤, 말차꾸덕바"" (망원동 빵지순례)",https://blog.naver.com/baaaba/222720354111,2022. 5. 4. 7:01,"베이글, 피스타치오, 맘모스빵"
2022,5,부산 빵지순례 코스/ 꾸덕브라우니,https://blog.naver.com/sunjunghuck/222737546466,2022. 5. 18. 20:45,"휘낭시에, 케이크, 파이"
2022,5,서울 빵지순례 : 충무로 빵집 원더브레드,https://blog.naver.com/sharontable/222733586405,2022. 5. 17. 7:10,스콘
2022,5,케잌아일랜드·파티시에르우 - <빵순이의 빵지순례 4> 조각케이크 & 쁘띠케이크 특집,https://blog.naver.com/sntjdska123/222739942032,2022. 5. 20. 19:50,"타르트, 케이크"
2022,5,동작구 양씨네제빵소 빵지순례 필수코스,https://blog.naver.com/pcmm1/222727665492,2022. 5. 10. 19:14,"스콘, 크루아상, 토스트, 제빵, 소금빵"
2022,5,서울빵지순례 크로아상 맛집 솔트24,https://blog.naver.com/irelsuga/222720681652,2022. 5. 4. 13:09,소금빵
2022,5,"서울 빵지순례 빵집, 성수 밀도 본점",https://blog.naver.com/mandu_u/222734645562,2022. 5. 19. 7:00,스콘
2022,5,전주빵지순례 효자동 빵맛집 맘스브레드,https://blog.naver.com/i1214/222740304712,2022. 5. 20. 23:49,"쿠키, 제빵, 케이크"
2022,5,서울 빵지순례 회기 너만보여크루아상 다녀옴,https://blog.naver.com/snowrun/222719691043,2022. 5. 3. 16:27,"크루아상, 샌드위치"
2022,5,제주도 빵지순례 제주 카페 브브,https://blog.naver.com/jhb916/222739528978,2022. 5. 20. 10:46,"케이크, 소금빵, 크루아상, 샌드위치, 스콘"
2022,5,강릉빵지순례 강릉오빠 브리오슈 추천,https://blog.naver.com/khgs1206/222733503060,2022. 5. 15. 20:37,케이크
2022,5,제주도 빵지순례 로컬빵집 제주 보룡제과,https://blog.naver.com/queen77577/222730767981,2022. 5. 13. 8:51,"깨찰빵, 파이, 마늘빵, 소금빵, 토스트, 팡도르, 에그타르트, 스콘, 소보로빵"
2022,5,부산 빵지순례 무무제과 묵직한 빵이 매력적~,https://blog.naver.com/jinizi76/222726484627,2022. 5. 9. 21:01,"소금빵, 샌드위치"
2022,5,부산 시오빵 맛집 장고개1987 으로 빵지순례 가요!,https://blog.naver.com/redmoon929/222753905231,2022. 5. 31. 18:40,"소금빵, 빵매"
2022,5,"데조로의 집, 빵지순례 갑니다~! 안 먹어도 맛을 안다!",https://blog.naver.com/4julove/222733135768,2022. 5. 15. 12:30,
2022,5,서울 카페 문래창작촌 빵지순례 입허전,https://blog.naver.com/fromrei8/222724644984,2022. 5. 8. 11:27,"단팥빵, 스콘"
2022,5,울산 빵집 윤연당 빵지순례 달동카페,https://blog.naver.com/kim_toggi/222752005682,2022. 5. 30. 10:44,"케이크, 호밀빵, 단팥빵, 팥빵, 크루아상, 앙버터, 도넛, 달콘빵, 소보로빵"
2022,5,제주 빵집 오드랑베이커리로 빵지순례 간 날,https://blog.naver.com/nana_80/222723245889,2022. 5. 6. 22:56,"쿠키, 베이글, 제빵, 제과제빵, 타르트, 마들렌, 샌드위치, 스콘"
2022,5,프랑스 빵지순례 파리 디저트 가게 데 갸또 에 듀 빵,https://blog.naver.com/annette_choi/222721540632,2022. 5. 5. 8:39,"듀빵, 케이크, 토스트"
2022,5,빵빵한 메뉴 라인업! 부산 빵지순례 모음.zip,https://blog.naver.com/hotelscombnd/223786144802,2022. 5. 5. 9:00,"쿠키, 맘모스빵, 밤팥빵, 빵빵, 크루아상, 빵피, 푸딩, 휘낭시에"
2022,5,서울빵지순례 김영모과자점,https://blog.naver.com/irelsuga/222742933843,2022. 5. 23. 13:22,"케이크, 잠봉뵈르, 스콘, 샌드위치"
2022,5,강릉 카페거리 빵지순례 기념품 커피콩빵 후기,https://blog.naver.com/luvxox/222726561586,2022. 5. 12. 14:20,
2022,5,"전주빵지순례, 전주 신시가지 <올드스터프>",https://blog.naver.com/i1214/222740142678,2022. 5. 20. 20:22,"크루아상, 스콘"
2022,5,광명 베이커리 카페 명장시대 빵지순례,https://blog.naver.com/mjh0712/222744086409,2022. 5. 24. 10:21,"케이크, 프레첼, 크루아상, 앙버터, 스콘"
2022,5,천안카페 지씨브레드에서 브런치 빵지순례,https://blog.naver.com/qupeed1004/222752608141,2022. 5. 30. 19:40,스콘
2022,5,부산 빵지순례 김덕규 명장 토북베이커리 찐이야,https://blog.naver.com/inha722/222727803484,2022. 5. 10. 21:46,"소금빵, 호박빵"
2022,5,제주도 빵지순례 시스터필드 빵집 두번 다녀옴!,https://blog.naver.com/challiya/222731179034,2022. 5. 24. 6:00,"케이크, 까눌레, 파이, 프레첼, 팥빵, 휘낭시에, 크루아상, 빵앞, 에그타르트, 스콘"
2022,5,빵지순례 상도동 빵집 배달 : 블랑제리꾸끄,https://blog.naver.com/vanillasky_5/222718959041,2022. 5. 3. 0:33,"까눌레, 제빵사, 스콘"
2022,5,"부산 빵지순례 코스 휘낭시에 ,레몬크림치즈파운드 취저!",https://blog.naver.com/redmoon929/222738611763,2022. 5. 19. 17:00,"파이, 케이크, 휘낭시에"
2022,5,부산 휘낭시에 맛집 빵지순례,https://blog.naver.com/jiuse77/222719730441,2022. 5. 3. 17:02,휘낭시에
2022,5,천안 뚜쥬루 돌가마점 빵지순례 필수 방문할곳,https://blog.naver.com/lemon8363/222734999671,2022. 5. 18. 6:40,"케이크, 앙버터, 단팥빵"
2022,5,빵순이 빵돌이 주목~! 의정부 빵지순례 코스,https://blog.naver.com/hope_city/222753186401,2022. 5. 31. 10:39,"쿠키, 케이크, 단팥빵, 빵빵, 앙버터, 스콘"
2022,6,대전 빵집 모모베이커리 빵지순례 할만한 가오동 맛집,https://blog.naver.com/cvcv5552/222755957531,2022. 6. 2. 8:31,"케이크, 제빵, 까눌레, 제과제빵, 휘낭시에, 소금빵, 크루아상, 빵향, 앙버터, 토스트, 마들렌, 샌드위치, 스콘"
2022,6,빵순이 빵돌이 주목~ 의정부 빵지순례 코스 2탄,https://blog.naver.com/hope_city/222782978843,2022. 6. 22. 10:00,"쿠키, 까눌레, 빵밀, 소금빵, 도넛, 마들렌, 휘낭시에"
2022,6,빵덕후를 위한 강원도 빵지순례 가이드,https://blog.naver.com/gogw1234/222758203111,2022. 6. 3. 17:26,"쿠키, 앙버터, 잠봉뵈르"
2022,6,용산 한강진역 카페 올드페리도넛 빵지순례,https://blog.naver.com/gftravel/222756620277,2022. 6. 2. 16:38,"피스타치오, 도넛"
2022,6,"제주여행 디저트맛집, 빵지순례",https://blog.naver.com/phantasma86/222793456557,2022. 6. 29. 13:26,"푸딩, 케이크, 휘낭시에"
2022,6,[제주 빵지순례] 제주도 쌀빵 맛집 제주 빵집 '외계인 방앗간',https://blog.naver.com/lingfei0212/222786289728,2022. 6. 23. 23:18,"쌀빵, 빵속, 파이, 팥빵, 소금빵"
2022,6,서귀포 카페 서귀피안 베이커리 제주 빵지 순례 제주 브런치,https://blog.naver.com/kji206/222775449000,2022. 6. 16. 13:01,크루아상
2022,6,목동 빵지순례 리브고쉬 꼭 가야할 빵집,https://blog.naver.com/hyosunv/222767668802,2022. 6. 10. 17:56,"소금빵, 크루아상, 토스트, 잠봉뵈르, 샌드위치"
2022,6,빵지순례 가볼만한곳 천안 빵집 뚜쥬루 빵돌가마마을,https://blog.naver.com/barbieone/222765263582,2022. 6. 8. 23:43,"케이크, 까눌레, 단팥빵, 팥빵, 소금빵, 앙버터, 빵돌"
2022,6,"서울 홍대 연남동 베이커리카페 앤티크커피, 빵지순례로 가볼만한곳",https://blog.naver.com/kongmistar/222793426812,2022. 6. 29. 12:59,"마들렌, 크루아상, 스콘, 휘낭시에"
2022,6,"부천 빵 맛집, 명인 빵지순례에서 천국의 카스테라",https://blog.naver.com/cutebabo/222789471060,2022. 6. 26. 16:06,
2022,6,제주 빵집 보룡제과 빵지순례 중,https://blog.naver.com/nana_80/222772178985,2022. 6. 14. 6:45,"파이, 빵구, 앙버터"
2022,6,부산대 카페 모구모구베이커리 빵지순례,https://blog.naver.com/obh1680/222748156972,2022. 6. 6. 5:20,"케이크, 앙버터, 잠봉뵈르"
2022,6,대전 빵지순례 도안동 카페 빵이 맛있는 햐로,https://blog.naver.com/cvcv5552/222776684893,2022. 6. 17. 8:39,"케이크, 까눌레, 소금빵, 크루아상, 앙버터, 잠봉뵈르, 샌드위치, 스콘"
2022,6,코끼리베이글 한남 메뉴 주차 주말 웨이팅 터지는 서울 빵지순례,https://blog.naver.com/hongrunrun/222757163898,2022. 6. 3. 0:00,"샌드위치, 앙버터, 베이글"
2022,6,대전 성심당 본점 빵지순례 소금빵,https://blog.naver.com/yangklee/222773896972,2022. 6. 15. 11:23,"소금빵, 샌드위치"
2022,6,강릉먹거리 강릉커피빵 | 초당커피빵 안목커피빵 | 강릉빵지순례,https://blog.naver.com/sodan4/222766315324,2022. 6. 9. 19:01,제빵사
2022,6,명실상부 빵의 도시! 대전 빵지순례 BEST 3,https://blog.naver.com/hotelscombnd/223786144988,2022. 6. 8. 9:09,"쿠키, 케이크, 까눌레, 파이, 휘낭시에, 마들렌, 샌드위치, 에그타르트, 스콘"
2022,6,수제디저트카페[사롱메이드]수지구청역오픈런필수 빵지순례맛집노밀가루다쿠아즈...,https://blog.naver.com/amurojiha/222794272437,2022. 6. 30. 1:18,"케이크, 에그타르트, 스콘"
2022,6,나혼자산다 박세리 성수동 빵지순례 구욱희씨,https://blog.naver.com/you1620/222793666825,2022. 6. 29. 16:08,"쿠키, 스콘"
2022,6,강릉빵집 강릉오빠 빵지순례,https://blog.naver.com/sylph303/222794246214,2022. 6. 30. 8:00,
2022,6,서울근교 빵지순례 분당 베이커리 앙토낭카렘,https://blog.naver.com/greatkelly/222773679034,2022. 6. 15. 7:42,"케이크, 베이글, 화이트롤, 제과제빵"
2022,6,광주빵지순례 궁전제과 수완점 (공룡알과 나비파이),https://blog.naver.com/i1214/222790477694,2022. 6. 27. 10:42,"소금빵, 알빵, 빵안"
2022,6,제주 서쪽 카페 빵지순례 제주도 미쁜제과,https://blog.naver.com/oblove3/222787607177,2022. 6. 24. 22:27,"소금빵, 케이크, 스콘, 쿠키"
2022,6,"속초 오션뷰 카페, 바다정원 속초 빵지순례",https://blog.naver.com/mixsun/222758948379,2022. 6. 4. 10:19,"크루아상, 앙버터, 맘모스빵"
2022,6,빵지 순례 군산 이성당 단팥빵 야채빵 굿~,https://blog.naver.com/sandcastle44/222770402589,2022. 6. 12. 23:33,"쿠키, 마콘빵, 베이글, 깨찰빵, 파이, 단팥빵, 화이트롤, 마늘빵, 고구마빵, 버터빵"
2022,6,220607_부산여행 2일차 :: 부산빵지순례,https://blog.naver.com/bitna3434/222776280138,2022. 6. 17. 0:13,"쿠키, 타르트, 파이, 단팥빵, 크루아상, 푸딩, 메론빵"
2022,6,"윤쉐프 정직한 제빵소 / 수원 빵지순례, 수원 호매실 디저트맛집, 카페 추천! 빵순이...",https://blog.naver.com/s_ply/222795455131,2022. 6. 30. 22:13,"케이크, 제빵, 까눌레, 소금빵, 크루아상"
2022,6,"대전 성심당 빵 추천 치아바타, 빵지순례는 행복",https://blog.naver.com/haemidaek/222767340419,2022. 6. 10. 13:20,"케이크, 소금빵, 앙버터, 샌드위치, 스콘, 빵값"
2022,6,[ 부산빵지순례 ] 파이만주 최초 개발자 1950태성당,https://blog.naver.com/meyanara/222755327056,2022. 6. 2. 5:20,"빵린, 파이, 단팥빵, 팥빵, 빵빵, 크루아상, 마들렌"
2022,6,파주 빵지순례 베이커리 카페 버터킹빵공장,https://blog.naver.com/rafiuta/222772554226,2022. 6. 15. 7:00,"케이크, 쿠키, 베이글, 까눌레, 타르트, 킹빵, 프레첼, 단팥빵, 마늘빵, 소금빵, 팡도르, 밤빵, 에그타르트"
2022,6,대전 둔산동 유명 빵집/ 대전 빵지순례 / 캘리포니아 베이커리& 카페,https://blog.naver.com/sangwol_bakery/222780116047,2022. 6. 19. 22:36,"샌드위치, 스콘, 타르트"
2022,6,대구빵지순례로 유명한 범어동빵집 도교수제빵연구소,https://blog.naver.com/osumorao/222776616117,2022. 6. 17. 7:31,"케이크, 호밀빵, 제빵, 제과제빵, 단팥빵, 맘모스빵, 소금빵, 빵빵, 빵맛, 파네토네, 건빵, 샌드위치, 밤빵"
2022,6,[김포빵지순례] 블랑제리 115,https://blog.naver.com/100su0/222773968400,2022. 6. 15. 12:37,"쿠키, 제빵사, 제과제빵, 단팥빵, 맘모스빵, 팥빵, 소금빵, 르빵"
2022,6,부산 전포 빵지순례하러 희와제과점 다녀왔어요,https://blog.naver.com/hechi920513/222765343178,2022. 6. 9. 1:02,휘낭시에
2022,7,속초 빵집 봉브레드! 빵지순례 필수코스,https://blog.naver.com/joop336/222817307861,2022. 7. 18. 16:53,"쿠키, 케이크, 제빵, 크루아상, 고구마빵, 빵임, 에그타르트, 스콘"
2022,7,제주도 빵지순례 30년된 사라다 햄버거가 있는 오뚜기빵집,https://blog.naver.com/bo1026/222810218498,2022. 7. 14. 9:10,빵맛
2022,7,제주 빵집 제주도 빵지순례 오뚜기,https://blog.naver.com/fromrei8/222796900387,2022. 7. 2. 0:21,"샌드위치, 도넛"
2022,7,[제주 빵집] 제주빵지순례 도민찐맛집 라온베이커리,https://blog.naver.com/lingfei0212/222809239732,2022. 7. 13. 1:40,"마들렌, 맘모스빵, 빵빵, 도넛"
2022,7,[강남 빵지순례/서초동 빵집] 김영모과자점 서초본점,https://blog.naver.com/moveandlove/222835536045,2022. 7. 31. 18:50,"케이크, 호밀빵, 까눌레, 샌드위치, 타르트, 파이, 소금빵, 잠봉뵈르, 마들렌, 꿀빵, 메론빵, 스콘, 감자빵"
2022,7,"대부도 베이커리카페, 리베르테 대부도 빵지순례",https://blog.naver.com/maxlovezzang/222808390720,2022. 7. 12. 11:44,"소금빵, 케이크, 빵값, 마늘빵"
2022,7,대구 빵지순례 도교수제빵연구소 범어동 빵집 여기야,https://blog.naver.com/lemon8363/222790442531,2022. 7. 1. 12:20,"마들렌, 제빵"
2022,7,강릉 빵집 만동제과 고구마빵 빵지순례,https://blog.naver.com/collier13/222800185069,2022. 7. 4. 22:01,"베이글, 도넛, 고구마빵"
2022,7,제주 빵지순례 빽다방베이커리 제주연동점,https://blog.naver.com/yong2_ne/222830919512,2022. 7. 27. 12:30,스콘
2022,7,경복궁 근처 카페:: SCOFF 빵지순례!,https://blog.naver.com/red_moon_1007/222833961554,2022. 7. 29. 18:22,"피스타치오, 스콘, 쿠키"
2022,7,"서울빵지순례 르뱅룰즈 - 잠봉뵈르, 샌드위치맛집",https://blog.naver.com/aeround/222800322271,2022. 7. 5. 0:23,"케이크, 쿠키, 소금빵, 잠봉뵈르, 샌드위치"
2022,7,세종빵집 빵지순례 고운동베이커리,https://blog.naver.com/jjoe_s/222800221205,2022. 7. 4. 22:38,"샌드위치, 파이, 츄러스, 맘모스빵, 소금빵, 크루아상, 처빵"
2022,7,"데조로의 집, 판교 삼평동 빵지순례",https://blog.naver.com/4julove/222817682447,2022. 7. 18. 22:12,"베이글, 팥빵"
2022,7,구월동 카스테라 맛집 명인빵지순례1984,https://blog.naver.com/justpar/222831125131,2022. 7. 27. 13:51,"소금빵, 샌드위치, 호밀빵"
2022,7,성수동 빵지순례 콘트란쉐리에 성수,https://blog.naver.com/art_cream/222805809571,2022. 7. 10. 0:01,"케이크, 버터빵"
2022,7,군산 근대화거리 이성당빵집 빵지순례,https://blog.naver.com/hnmh2332/222809657465,2022. 7. 13. 12:48,"크루아상, 단팥빵, 링빵"
2022,7,일산 빵지순례 디스케이프 제빵소 빵맛집,https://blog.naver.com/getout11/222808973997,2022. 7. 12. 20:34,"소금빵, 샌드위치, 잠봉뵈르, 제빵"
2022,7,여수 빵지순례 핫플 키스링 맛나요,https://blog.naver.com/a0o_o0a/222815287082,2022. 7. 17. 8:36,마늘빵
2022,7,수원빵집 케이크 빵지순례 하얀풍차 본점,https://blog.naver.com/228112lee/222834465687,2022. 7. 30. 12:06,"케이크, 맘모스빵, 화이트롤, 잠봉뵈르, 찰빵, 샌드위치"
2022,7,"경주빵집 황리단길 옐로우도넛, 빵지순례 다녀오다",https://blog.naver.com/daechankim91/222825342869,2022. 7. 29. 11:00,"경주빵, 도넛"
2022,7,대전 신세계백화점 겐츠 베이커리 /빵지순례,https://blog.naver.com/sangwol_bakery/222799445024,2022. 7. 4. 11:03,"샌드위치, 쌀빵, 스콘"
2022,7,랜디스도넛 추천 메뉴 연남점 빵지순례,https://blog.naver.com/wlsgml850/222799419351,2022. 7. 8. 1:00,도넛
2022,7,여수 빵집 키스링 빵지순례 명소라는데,https://blog.naver.com/hong_flow/222816973828,2022. 7. 18. 12:23,"도넛, 마늘빵"
2022,7,제주 빵지순례 맛이좋아 인정했던 볕이드는곳벧디,https://blog.naver.com/greek_trick/222796610580,2022. 7. 1. 19:48,타르트
2022,7,빵지순례 일번지 맛집 강릉빵다방,https://blog.naver.com/wldnjs6209/222829751329,2022. 7. 26. 17:44,"빵맛, 소보로빵"
2022,7,연남동 빵집 정항우케이크 빵지순례 다녀옴,https://blog.naver.com/hyosunv/222817691056,2022. 7. 18. 22:19,"케이크, 팥빵"
2022,7,대전 성심당 본점 빵지순례 갈만한곳이야,https://blog.naver.com/skawjddl23/222811302771,2022. 7. 14. 14:54,"약과, 케이크, 파이, 소금빵, 크루아상, 앙버터, 도넛, 샌드위치"
2022,7,한남동 가볼만한곳 빵지순례 추천 노티드 도넛,https://blog.naver.com/domestictravel/222806737646,2022. 7. 11. 0:00,"도넛, 빵좀"
2022,7,언니의 성수 카페 빵지순례 어니언 성수,https://blog.naver.com/art_cream/222796883827,2022. 7. 2. 0:04,"소금빵, 밤빵"
2022,7,서울 낙성대 빵지순례 장(쟝)블랑제리 케익과 단팥빵,https://blog.naver.com/copykim05/222815513150,2022. 7. 23. 0:00,"단팥빵, 맘모스빵, 링빵"
2022,7,"서울빵지순례 런던베이글뮤지엄도산 - 평일웨이팅, 메뉴추천",https://blog.naver.com/aeround/222833673985,2022. 7. 29. 13:32,"빵세, 프레첼, 베이글"
2022,7,"빵장수쉐프 본점, 대구 빵지순례",https://blog.naver.com/mjuhee/222808722998,2022. 7. 12. 16:15,"파이, 케이크, 고구마빵"
2022,7,부산빵지순례 희와제과 존맛탱 진짜 추천,https://blog.naver.com/ggmit125/222815422712,2022. 7. 20. 7:00,"케이크, 맘모스빵, 휘낭시에, 밤팥빵"
2022,7,대전빵지순례:) 프랑제리대전유성점,https://blog.naver.com/bluenote0415/222789070074,2022. 7. 1. 0:00,"소금빵, 샌드위치, 빵치, 케이크"
2022,7,제주도 연동 빵집 도도름 베이커리카페 빵지순례,https://blog.naver.com/challiya/222803420424,2022. 7. 14. 6:00,"케이크, 베이글, 까눌레, 퀸아망, 단팥빵, 마늘빵, 소금빵, 크루아상, 앙버터, 샌드위치, 에그타르트, 스콘"
2022,8,제주빵지순례 필수코스 라온베이커리,https://blog.naver.com/belovedchae2/222846926573,2022. 8. 12. 21:55,"쌀빵, 맘모스빵, 소금빵, 앙버터, 도넛"
2022,8,런던베이글뮤지엄 웨이팅 필수인 서울 빵지순례 카페,https://blog.naver.com/2ski2/222837771065,2022. 8. 2. 20:13,"잠봉뵈르, 샌드위치, 베이글"
2022,8,제주 빵집 제주도 빵지순례 함덕 오드랑베이커리,https://blog.naver.com/bingohwan/222837524618,2022. 8. 2. 15:51,"타르트, 에그타르트, 마늘빵"
2022,8,대전명소 성심당 본점 케익부띠끄 이게 진짜 빵지순례,https://blog.naver.com/nana_80/222849249786,2022. 8. 15. 22:48,"샌드위치, 타르트, 잠봉뵈르, 수건케이크"
2022,8,인천 남동구 남촌회관 빵지순례 대형 베이커리 카페,https://blog.naver.com/kizaki56/222837252461,2022. 8. 3. 15:00,"크루아상, 계란빵, 파이"
2022,8,오이도 카페 초당옥도나스 오션뷰 빵지순례,https://blog.naver.com/ksojune/222845720249,2022. 8. 11. 15:14,도넛
2022,8,랜디스도넛 추천 메뉴 연남동 빵지순례 다녀왔어요,https://blog.naver.com/gftravel/222858617939,2022. 8. 26. 11:41,도넛
2022,8,"대전 성심당 본점, 대전역점 모두 접수! 대전 빵지순례 후기",https://blog.naver.com/sesv1004/222850975725,2022. 8. 17. 19:13,마들렌
2022,8,인천 송도 빵지순례 안스베이커리,https://blog.naver.com/supermario_d/222840065603,2022. 8. 5. 8:51,"케이크, 소금빵, 앙버터, 마들렌, 샌드위치"
2022,8,김포 카페 라페브 베이커리 빵지순례 서울근교 드라이브 코스,https://blog.naver.com/everlsk/222838115975,2022. 8. 3. 9:00,케이크
2022,8,제주 연동 베이커리카페 빵지순례 아라파파,https://blog.naver.com/rgh5024/222862500522,2022. 8. 30. 22:21,
2022,8,군산 볼거리 빵지순례 필수 군산 이성당 대기없이 신관 이용하기 주차 팁 공유해요,https://blog.naver.com/amyangela/222849089114,2022. 8. 16. 9:00,"크루아상, 단팥빵, 맘모스빵, 빵등"
2022,8,제주 빵지순례 노형 빵집 준클라시코 :: 블루리본 잔뜩 받은 나의 빵앗간 (feat. 빵추천),https://blog.naver.com/au1234/222844171426,2022. 8. 9. 21:00,"케이크, 제빵사, 빵앗, 소금빵, 길빵, 앙버터, 버터빵"
2022,8,남천동 빵지순례 순쌀빵,https://blog.naver.com/lovejin824/222841137789,2022. 8. 8. 7:00,"케이크, 쌀빵, 쿠키, 타르트, 크루아상, 건빵, 휘낭시에, 빵값"
2022,8,[성수/서울숲] 서울앵무새 SEOUL ANGMUSAEㅣ빵지순례 퀸아망과 시나몬롤,https://blog.naver.com/ssongzhou/222837980122,2022. 8. 3. 8:50,"푸딩, 앙버터, 퀸아망"
2022,8,서울 빵지순례 용산빵집 밀도메인 호밀빵 베이글,https://blog.naver.com/mj-log_/222846695107,2022. 8. 12. 16:36,"빵칼, 쿠키, 케이크, 호밀빵, 베이글, 제빵사, 소금빵, 샌드위치, 스콘"
2022,8,울산 빵지순례 해월당 본점 꿀 조합 팁,https://blog.naver.com/seonmi1982/222853491734,2022. 8. 20. 19:11,"쿠키, 케이크, 파이, 단팥빵, 마늘빵, 앙버터, 해월빵, 샌드위치, 스콘"
2022,8,성수동 나들이 빵지순례,https://blog.naver.com/art_cream/222839913231,2022. 8. 5. 0:39,소금빵
2022,8,광주 동명동 빵지순례 디저트카페 아우스밀,https://blog.naver.com/6_bbang/222845516867,2022. 8. 11. 11:15,"피스타치오, 맘모스빵, 케이크"
2022,8,속초 빵지순례 오베르망 명란바게트 꼭 드세요,https://blog.naver.com/kangpoorun/222841683767,2022. 8. 11. 7:00,마늘빵
2022,8,광주 빵집 맛집 빵지순례 궁전제과 나비파이 공룡알빵,https://blog.naver.com/sungyoojin12/222852241755,2022. 8. 19. 7:28,"알빵, 케이크, 처빵"
2022,8,속초 빵지순례 봉브레드 술빵 베이커리 가루,https://blog.naver.com/youliyan/222848515074,2022. 8. 14. 23:40,"빵카, 술빵, 호빵, 제빵"
2022,8,서울빵지순례 1994양과점 오픈런~,https://blog.naver.com/irelsuga/222850645934,2022. 8. 17. 13:14,"피스타치오, 케이크"
2022,8,파주 말똥도넛 서울 근교 카페 빵지순례,https://blog.naver.com/wlsgml850/222843610001,2022. 8. 13. 0:20,"케이크, 도넛"
2022,8,강원도 하이원근처 정선 빵지순례 빵모닝 빵집,https://blog.naver.com/joara127/222862976947,2022. 8. 31. 13:43,"쿠키, 케이크, 파이, 소금빵, 앙버터, 처빵, 휘낭시에"
2022,8,"탁월했던 대전 성심당, 대전역점 빵지순례",https://blog.naver.com/yangklee/222837813061,2022. 8. 2. 21:05,"소금빵, 단팥빵"
2022,8,빵지순례 제주 빵집 남원 수와래,https://blog.naver.com/orbyun/222860178398,2022. 8. 28. 14:14,"소금빵, 샌드위치, 앙버터, 잠봉뵈르"
2022,8,부산 빵지순례 베이커스 빨미까레 드디어!,https://blog.naver.com/sjdprp4865/222859860251,2022. 8. 27. 23:57,"크루아상, 스콘"
2022,8,아베베베이커리제주 - 제주빵지순례 핫플 동문시장입구,https://blog.naver.com/prettyhem/222860928934,2022. 8. 29. 10:07,밤빵
2022,8,"빵지순례, 기장 나들이, 겐츠베이커리 롯데몰 동부산점",https://blog.naver.com/4julove/222857333754,2022. 8. 24. 22:37,"케이크, 스콘"
2022,8,제주 빵집 제주도 빵지순례 고성리 보룡제과 제일성심당,https://blog.naver.com/kyena200/222848401414,2022. 8. 16. 0:00,"케이크, 타르트, 파이, 마늘빵, 앙버터, 샌드위치"
2022,8,제주 사계해변 핫플레이스 제주도 빵지순례 하기좋은 사계해안 제주 카페 뷰스트,https://blog.naver.com/amyangela/222855073102,2022. 8. 22. 15:19,"케이크, 빵등, 파이, 소금빵, 크루아상"
2022,8,연남동 빵집 베어스덴 베이커리 | 홍대 빵집 빵지순례,https://blog.naver.com/pinki93kr/222838541111,2022. 8. 3. 15:52,
2022,8,여수 특산물 빵지순례 특색있는 갓버터도나스,https://blog.naver.com/yuna0030/222856320652,2022. 8. 23. 20:57,도넛
2022,8,용인 베이커리카페 어로프슬라이스피스 빵지순례♡,https://blog.naver.com/boot_dal/222849451450,2022. 8. 16. 7:54,"크루아상, 케이크"
2022,9,빵지순례 다녀온 강릉빵집 후기,https://blog.naver.com/hyerimelove/222878579097,2022. 9. 19. 13:39,"케이크, 토스트"
2022,9,천안 뚜쥬르 빵돌가마 마을 빵지순례 성지 추천,https://blog.naver.com/ontheroad_gh/222881041773,2022. 9. 22. 7:14,"케이크, 제빵사, 팥빵, 크루아상, 샌드위치, 빵돌"
2022,9,대전 빵집 데이트코스 추천 탄방동 호밀 베이커리 빵지순례,https://blog.naver.com/ttltjsdla/222867679508,2022. 9. 5. 20:27,"퀸아망, 츄러스, 소금빵, 크루아상, 앙버터, 잠봉뵈르, 샌드위치"
2022,9,안동빵맛집 빵지순례 맘모스베이커리 주차 (feat.안동하회탈축제),https://blog.naver.com/snowcandy19/222886708224,2022. 9. 28. 18:14,맘모스빵
2022,9,"빵의정석 성수동 빵집 ""빨미까레, 크로아상"" 성수빵지순례: 서울/성수동",https://blog.naver.com/baaaba/222871748196,2022. 9. 11. 8:05,"크루아상, 프레첼"
2022,9,대전빵지순례:르뺑99-1,https://blog.naver.com/wise_doer/222885648576,2022. 9. 27. 15:53,"쿠키, 케이크, 까눌레, 마들렌, 빵돌"
2022,9,부산빵집 1950 태성당 : 부산역 근처 초량 빵지순례 필수코스,https://blog.naver.com/gj30603/222882687870,2022. 9. 24. 8:00,"파이, 단팥빵, 맘모스빵, 소금빵, 크루아상, 고구마빵, 마들렌, 메론빵"
2022,9,구월동베이커리 명인빵지순례 행복한 주말,https://blog.naver.com/wldnjs10/222881118982,2022. 9. 22. 9:44,"소금빵, 크루아상, 샌드위치, 에그타르트, 스콘"
2022,9,남원 맛집 빵지순례 명문제과,https://blog.naver.com/xhyunhax/222880263823,2022. 9. 21. 10:36,"소보루빵, 햄빵"
2022,9,남원 전통 빵지순례 맛집 명문제과,https://blog.naver.com/greatkelly/222878346709,2022. 9. 19. 9:01,"팥빵, 밤빵, 햄빵, 햄빵이"
2022,9,2022 천안 빵빵데이 축제 이무진과 빵지순례,https://blog.naver.com/starkimpt/222887997569,2022. 9. 30. 7:20,"쿠키, 제빵, 황남빵, 소금빵, 빵빵, 도넛"
2022,9,대전 빵집 탄방동 베이커리 카페 호밀 빵지순례,https://blog.naver.com/rafiuta/222875532672,2022. 9. 16. 7:00,"퀸아망, 소금빵, 크루아상, 앙버터, 잠봉뵈르, 샌드위치"
2022,9,부산 빵지순례 추천 빵맛집 토북베이커리,https://blog.naver.com/wldnjs6209/222877670695,2022. 9. 18. 14:46,"케이크, 빵순, 츄러스, 소금빵, 크루아상, 빵맛, 스콘"
2022,9,"서울 3대 빵집 빵지순례_리치몬드과자점 성산본점(밤파이,쿠인아망,밤식빵,할인)",https://blog.naver.com/realjaekyo/222863564698,2022. 9. 1. 1:08,"파이, 케이크, 퀸아망, 빵일"
2022,9,서울 카페 가양역 모스 베이커리 빵지순례,https://blog.naver.com/everlsk/222884266440,2022. 9. 27. 8:00,"케이크, 제빵, 스콘"
2022,9,제주도 빵집 미쁜제과로 빵지순례 하기,https://blog.naver.com/ge9933/222866104642,2022. 9. 4. 8:10,"소금빵, 단팥빵, 빵맛"
2022,9,해운대 빵지순례 하실 생각이라면 데일리팡 가보시기!,https://blog.naver.com/n0whurom/222872205694,2022. 9. 12. 10:00,케이크
2022,9,부천 시흥 늘솜당 빵지순례 가볼만한곳,https://blog.naver.com/son018/222882223709,2022. 9. 24. 3:00,"마들렌, 제빵"
2022,9,제주도 여행 빵지순례 제주 어머니 빵집,https://blog.naver.com/chunghwan69/222869225375,2022. 9. 7. 13:53,"쿠키, 케이크, 제빵, 타르트, 팥빵, 에그타르트"
2022,9,주말 빵지순례-지족동 꾸드뱅,https://blog.naver.com/wise_doer/222880103746,2022. 9. 21. 3:08,"빵돌, 타르트"
2022,9,강릉 경포해변 강문해변 산책하고 강릉 핫플 빵지순례,https://blog.naver.com/parangusl_/222870648154,2022. 9. 9. 6:23,
2022,9,인스타 감성카페 빵지순례 핫플 앤티크커피 연남점,https://blog.naver.com/tjdrud34/222875972221,2022. 9. 16. 9:04,"앙버터, 스콘"
2022,9,"가평 달맞이 빵, 가평 베이커리 카페 빵지순례",https://blog.naver.com/hsback2000/222864768132,2022. 9. 2. 11:32,"제빵, 마늘빵, 잣빵, 화이트롤, 케이크"
2022,9,부산 전포 카페 스테이트 ❣︎ cafe state 부산 빵지순례 스콘맛집,https://blog.naver.com/eunaas/222867375871,2022. 9. 5. 15:04,"쿠키, 케이크, 스콘"
2022,9,제주도 빵지순례 레이어스베이크하우스 빵집 내돈내산,https://blog.naver.com/challiya/222867304246,2022. 9. 8. 6:00,"제빵, 빵값, 마들렌, 휘낭시에, 까눌레, 푸딩, 퀸아망"
2022,9,대구 관광지 볼거리 빵지순례 근대골목 단팥빵 본점,https://blog.naver.com/gaongim/222869673347,2022. 9. 7. 23:09,단팥빵
2022,9,부산역 근처 가볼만한곳 연경재 부산 빵지순례,https://blog.naver.com/wlsgml850/222853390567,2022. 9. 4. 4:00,"마들렌, 쿠키, 약과, 스콘, 피스타치오, 케이크"
2022,9,제주도 빵집 / 오뚜기 빵집 / 옛 생각이 나는 빵집 / 빵지순례,https://blog.naver.com/youks82/222882168257,2022. 9. 23. 13:10,
2022,9,나주빵지순례 나주빵맛집 그림빵집,https://blog.naver.com/veni_vidivixi/222874139838,2022. 9. 14. 10:40,"샌드위치, 마늘빵, 소금빵, 앙버터, 스콘, 잠봉뵈르"
2022,9,대전 맛집 성심당 대전역 KTX 환승하며 빵지순례,https://blog.naver.com/barbieone/222887791000,2022. 9. 29. 22:19,"마들렌, 휘낭시에, 샌드위치, 쿠키, 퀸아망, 파이"
2022,9,강릉 애견동반 카페 엔드투앤드 강릉송정해변 빵집 빵지순례,https://blog.naver.com/lifeofbliss/222871629381,2022. 9. 10. 23:59,
2022,9,"강릉 중앙시장 빵지순례, 바로방 ♥",https://blog.naver.com/soje1234/222883342384,2022. 9. 25. 0:31,"제빵, 단팥빵, 채빵, 팥빵"
2022,9,빵 먹으러 제주옵서예! 제주 빵지순례 BEST 3,https://blog.naver.com/hotelscombnd/223786145546,2022. 9. 13. 10:00,"에그타르트, 샌드위치, 베이글, 빵피, 소금빵, 프레첼, 빵귿, 잠봉뵈르, 케이크, 타르트"
2022,9,분당 수내동 베이커리 차차 빵지순례합니다(feat.깜빠뉴&호두찰식빵),https://blog.naver.com/boot_dal/222873513638,2022. 9. 13. 15:13,케이크
2022,9,종로3가역카페 익선동 다리치커피 빵지순례 가볼만한곳,https://blog.naver.com/kongmistar/222876874576,2022. 9. 17. 10:49,"에그타르트, 소금빵, 스콘, 케이크, 파이"
2022,10,제주 동쪽 가볼만한곳 뷰 좋은 브라보비치에서 제주 빵지순례,https://blog.naver.com/heabara/222897926073,2022. 10. 12. 3:02,"쿠키, 케이크"
2022,10,속초 빵지순례 마늘 바게트 맛있는 봉브레드,https://blog.naver.com/bingohwan/222897851600,2022. 10. 13. 8:00,"제빵, 맘모스빵, 쿠키, 츄러스, 소금빵, 파이, 스콘, 크루아상, 도넛, 타르트"
2022,10,용리단길 테디뵈르하우스 크로와상 서울 빵지순례 핫플,https://blog.naver.com/kizaki56/222902994557,2022. 10. 18. 15:00,"샌드위치, 크루아상, 도넛, 케이크"
2022,10,압구정 로데오거리 베이커리 카페 빵지순례 베스트 3,https://blog.naver.com/kongmistar/222895492262,2022. 10. 9. 10:02,"베이글, 샌드위치, 스콘"
2022,10,제주 애월 카페 제주도 빵지순례 제주 카페 애월빵공장,https://blog.naver.com/bb00dd/222912583705,2022. 10. 27. 22:41,"빵값, 마들렌, 빵배, 밭빵, 빵맛, 쌀빵, 애월빵, 크루아상, 단팥빵"
2022,10,양평 카페 빵지순례 양수리빵공장 드라이브 코스 주말데이트,https://blog.naver.com/inno73/222897972926,2022. 10. 12. 7:19,소금빵
2022,10,목포 코롬방제과점에서 빵지순례! 새우바게트와 크림치즈바게트 유명한곳,https://blog.naver.com/mok5022/222899432115,2022. 10. 17. 6:37,"샌드위치, 솜빵, 쿠키, 알빵"
2022,10,서울 빵지순례 올드페리도넛 용산,https://blog.naver.com/jjeong1225/222896839370,2022. 10. 10. 22:44,도넛
2022,10,"부산빵지순례 파이만주 ""1950 태성당""",https://blog.naver.com/max_ad-min/222906220552,2022. 10. 21. 11:13,"단팥빵, 마들렌, 파이"
2022,10,카스테라 맛집 명인빵지순례1984 내돈내산 후기,https://blog.naver.com/miminimkkk/222902603236,2022. 10. 17. 15:52,"크루아상, 앙버터"
2022,10,강릉 빵맛집 빵지순례 코스 만동제과,https://blog.naver.com/yummymmmm/222904881986,2022. 10. 19. 22:10,"베이글, 마늘빵"
2022,10,영등포 타임스퀘어 오월의종 서울빵지순례,https://blog.naver.com/hyr67/222907140120,2022. 10. 22. 13:02,
2022,10,제주 빵지순례 제주도 오뚜기빵집 리얼레트로,https://blog.naver.com/chahyang88/222895804378,2022. 10. 9. 18:47,"단팥빵, 쿠키, 맘모스빵, 케이크"
2022,10,광주 빵집 마륵동빵가게 빵지순례,https://blog.naver.com/merryhunter/222890192075,2022. 10. 2. 23:42,"맘모스빵, 에그타르트, 샌드위치, 앙버터, 마륵동빵가, 스콘, 크루아상, 단팥빵, 케이크"
2022,10,대구 빵지순례 러프과자점! 휘낭시에 맛집,https://blog.naver.com/kim_gael/222906449977,2022. 10. 21. 15:36,"빵쌀, 휘낭시에, 마들렌, 소금빵, 빵맥, 케이크"
2022,10,남해 가볼만한곳 물건리방조어부림 &빵지순례,https://blog.naver.com/anndam/222890230814,2022. 10. 3. 0:14,슈톨렌
2022,10,양평 카페 빵지순례 헤리베르,https://blog.naver.com/keai1016/222901517679,2022. 10. 16. 14:13,"제빵, 크루아상, 타르트"
2022,10,광주 빵지순례 명소 첨단 버터풀앤크리멀러스,https://blog.naver.com/ohjug/222895883193,2022. 10. 9. 20:28,"크루아상, 에그타르트, 케이크"
2022,10,제주 애월 카페 거리 제주도 빵지순례 하이엔드제주,https://blog.naver.com/obh1680/222909482872,2022. 10. 25. 11:00,"에그타르트, 까눌레, 소금빵, 크루아상, 케이크"
2022,10,여수 빵지순례 돌게빵 2곳 모두 먹어봤어요,https://blog.naver.com/inno73/222910007935,2022. 10. 25. 14:05,"쫑포땅게빵, 붕어빵"
2022,10,경기도 가평 빵집 연유쌀바게트 르봉뺑 솔직후기 (F. 빵지순례),https://blog.naver.com/o3o2-/222909712857,2022. 10. 25. 7:19,"감자빵, 고구마빵"
2022,10,대전빵지순례 유성 NC에 가면 프랑제리 꼭 들리세요.,https://blog.naver.com/babylionlkm/222906776977,2022. 10. 21. 22:51,빵위
2022,10,속초 빵지순례 봉브레드 마늘바게트 연인의 빵 택배,https://blog.naver.com/layla--/222905704449,2022. 10. 20. 19:56,마늘빵
2022,10,빵순이의 서울빵지순례 프랑제리 피어 신촌점 사과빵,https://blog.naver.com/jinidag/222909333831,2022. 10. 24. 19:02,"샌드위치, 소금빵, 쿠키, 케이크"
2022,10,가로수길 카페 꼬르르 크림빵 서울 빵지순례 핫플,https://blog.naver.com/kizaki56/222896306706,2022. 10. 11. 21:00,빵빵
2022,10,대전 여행 성심당 빵지순례 전국 5대 빵집,https://blog.naver.com/everlsk/222900701262,2022. 10. 15. 8:33,
2022,10,강릉빵집 빵지순례 브리오슈 전문점 강릉오빠,https://blog.naver.com/yummymmmm/222899011590,2022. 10. 13. 10:41,"프랑스빵, 케이크"
2022,10,"곰이네 고래빵, 빵지순례맛집 추천 Feat. 웨이팅필수",https://blog.naver.com/jeons1007/222899937789,2022. 10. 14. 11:00,"앙버터, 빵향"
2022,10,대구 빵 먹거리 칠곡 빵집 빵지순례 그랜마오븐 학정점,https://blog.naver.com/gaongim/222900707873,2022. 10. 15. 8:52,"단팥빵, 케이크, 스콘"
2022,10,역삼역빵집 바게트케이 빵지순례하기,https://blog.naver.com/hsjk1004/222900115656,2022. 10. 14. 14:34,"샌드위치, 까눌레, 스콘, 푸딩, 크루아상"
2022,10,파주빵지순례 추천하는 파발빵 파주특산빵 ^^,https://blog.naver.com/qhswktjsdud/222899154414,2022. 10. 13. 13:31,"마늘빵, 마들렌, 도넛"
2022,10,전주빵지순례 풍년제과 본점 으로 초코파이 사러,https://blog.naver.com/fleur-k/222890452240,2022. 10. 3. 11:21,쿠키
2022,10,[대구/성서카페] 빵지순례 빵집 박기태명장의 장수당,https://blog.naver.com/osumorao/222899646117,2022. 10. 13. 23:14,맘모스빵
2022,10,원주 여행 드라이브 근교 카페 사니다 빵지순례,https://blog.naver.com/inno73/222905799730,2022. 10. 20. 22:09,"소금빵, 스콘"
2022,10,대전 가수원동 빵집 구우다 베이커리 카페 빵지순례,https://blog.naver.com/rafiuta/222908222199,2022. 10. 23. 20:53,"단팥빵, 소금빵, 쿠키, 스콘"
2022,11,여수 이순신 광장 바게트버거 딸기모찌 키스링 여수 빵지순례,https://blog.naver.com/nailstan/222938777112,2022. 11. 26. 18:00,마늘빵
2022,11,부산 빵지순례 허대빵 웨이팅 후기,https://blog.naver.com/sjdprp4865/222930238558,2022. 11. 16. 14:33,"빵피, 피스타치오"
2022,11,제주빵지순례 함덕빵집 오드랑베이커리 마농바게트 나오는시간,https://blog.naver.com/dorothy_bet/222937855028,2022. 11. 25. 15:40,"에그타르트, 샌드위치, 앙버터, 제과제빵, 도넛, 케이크, 파이"
2022,11,을왕리 베이커리 대형 카페 인천 빵지순례 카페오라,https://blog.naver.com/bingohwan/222938577462,2022. 11. 26. 11:57,"호박빵, 마늘빵, 크루아상, 메론빵, 찰빵, 타르트"
2022,11,"빵맛집 서울빵지순례, 신촌빵집 프랑제리 피어",https://blog.naver.com/trade05/222924683959,2022. 11. 10. 8:00,"샌드위치, 쿠키, 케이크"
2022,11,서울 홍대 데이트 갈만한곳 무신사테라스 전망대 빵지순례,https://blog.naver.com/fromrei8/222919095789,2022. 11. 3. 23:31,"탕종빵, 빵나무, 마늘빵, 소금빵"
2022,11,서울 빵지순례 회현 베이커리 카페 넬보스코 남촌빵집,https://blog.naver.com/you1620/222933231122,2022. 11. 20. 8:26,"샌드위치, 소금빵, 스콘"
2022,11,강릉 바다 강문해변 경포해변 빵지순례 강릉 드라이브 코스,https://blog.naver.com/neweunha/222932717557,2022. 11. 19. 12:51,케이크
2022,11,대구 빵집 | 현지인들이 좋아하는 아눅베이커스 #빵지순례,https://blog.naver.com/gudth331/222931487441,2022. 11. 17. 21:33,"소금빵, 까눌레, 토스트"
2022,11,수원 빵지순례 이학순 베이커리,https://blog.naver.com/eunjuyaaa/222937215348,2022. 11. 24. 16:49,케이크
2022,11,부산 빵지순례 해운대 카페 오마스브레첸,https://blog.naver.com/obh1680/222914766204,2022. 11. 14. 7:00,"소금빵, 크루아상, 단팥빵, 케이크, 파이"
2022,11,전라도 광주 빵지순례 소맥 베이커리,https://blog.naver.com/ssonda2002/222921604495,2022. 11. 6. 21:49,
2022,11,제주 빵지순례 카페 추천. 멜버즈,https://blog.naver.com/sarahavo/222925765994,2022. 11. 11. 9:32,"에그타르트, 샌드위치, 쿠키, 스콘, 크루아상, 케이크, 타르트"
2022,11,"빵지순례 구례 목월빵집, 지리산 여행 중 들린 곳",https://blog.naver.com/djkkll1233/222924124565,2022. 11. 9. 12:44,"앙버터, 팥빵"
2022,11,배방빵집 뺑드메르 천안 빵지순례 1탄,https://blog.naver.com/goorumdd/222919061288,2022. 11. 3. 22:46,"마들렌, 샌드위치, 쿠키, 소금빵, 쌀빵, 도넛, 케이크"
2022,11,"여수빵맛집 키스링,여수빵지순례 도장깨기!",https://blog.naver.com/ria04010414/222930292808,2022. 11. 16. 15:27,"마늘빵, 크루아상"
2022,11,서울 빵지순례 홍대 연남동 만동제과 메뉴,https://blog.naver.com/nana_80/222939738138,2022. 11. 27. 22:50,"베이글, 앙버터"
2022,11,부산 빵지순례 '희와제과' 솔직 후기,https://blog.naver.com/nicole86/222938152613,2022. 11. 25. 18:57,"찐빵, 밤팥빵, 빵피, 스콘"
2022,11,속초 빵집 봉브레드 빵지순례 마늘빵 디저트,https://blog.naver.com/munani0918/222939071399,2022. 11. 28. 6:00,"맘모스빵, 마늘빵, 소금빵, 앙버터, 파이, 스콘, 츄러스, 크루아상, 도넛, 타르트"
2022,11,빵지순례를 빵택배로 : 목포 빵 맛집 씨엘비베이커리,https://blog.naver.com/lovelyflat/222931552972,2022. 11. 17. 22:56,케이크
2022,11,서울 광화문 빵지순례 파네트,https://blog.naver.com/paintplan/222938376046,2022. 11. 26. 0:55,"샌드위치, 슈톨렌, 소금빵, 프레첼, 크루아상, 케이크"
2022,11,[실쟁이 빵지순례 3] 리앰브레드 100% 호밀빵(건강한 하루를 시작해봅시다),https://blog.naver.com/ovo0b/222918101685,2022. 11. 2. 23:26,"호밀빵, 건빵, 토스트, 스콘"
2022,11,대구 빵집 빵지순례 필수코스 근대골목단팥빵,https://blog.naver.com/amyangela/222916492886,2022. 11. 2. 6:00,"단팥빵, 케이크"
2022,11,빵택배가 가능한 빵지순례 전라도 씨엘비베이커리,https://blog.naver.com/danjy12/222927612783,2022. 11. 13. 19:26,"코롬빵제, 처빵, 코롬빵"
2022,11,[광안리 핫플] 카스테라 빵지순례 가야하는 <고래당>,https://blog.naver.com/mee_ble/222925361068,2022. 11. 10. 18:53,
2022,11,울산 빵지순례 윤연당 시부카와 딸기케이크 맛집,https://blog.naver.com/lsllll/222926640261,2022. 11. 12. 10:52,"에그타르트, 케이크, 파이"
2022,11,제주 빵지순례 제주도 카페 추천 멜버즈 (feat. 주차),https://blog.naver.com/mj-log_/222931232866,2022. 11. 18. 6:00,"샌드위치, 빵맛, 소금빵, 스콘, 케이크"
2022,11,강릉빵지순례 브리오슈 맛집 : 강릉오빠,https://blog.naver.com/darki1984/222932346221,2022. 11. 19. 10:10,"케이크, 제과제빵"
2022,11,제주 서귀포 디저트 빵지순례 고퀄로 무장한 로아나,https://blog.naver.com/freestyle_cy/222917747029,2022. 11. 2. 17:33,"휘낭시에, 샌드위치, 쿠키, 소금빵, 스콘"
2022,11,부산 빵지순례 브레드 365 남구청 직원 추천 빵 맛집,https://blog.naver.com/bsnamgupb/222918303182,2022. 11. 3. 10:40,"샌드위치, 잠봉뵈르, 소금빵, 앙버터"
2022,11,빵지순례 소금빵 성지 페이브베이커리 방배본점 다녀옴!,https://blog.naver.com/rudals0229/222931611525,2022. 11. 18. 0:09,"휘낭시에, 소금빵"
2022,11,인천 빵지순례 전망 좋은 을왕리 노을 카페 오라,https://blog.naver.com/castpd/222934817977,2022. 11. 21. 23:41,"빵맛, 파이"
2022,11,여수 빵맛집 빵지순례 기념품 선물로도 좋은 키스링,https://blog.naver.com/suemfla/222937818181,2022. 11. 25. 12:20,"마늘빵, 빵임, 링빵"
2022,11,"건강한 제주 빵지순례, 오가닉 베이커리 포레스트",https://blog.naver.com/cheez509/222940592483,2022. 11. 28. 18:52,"빵값, 밤팥빵, 소금빵"
2022,11,"부산 2박3일 여행코스, 경비, 빵지순례, 숙소",https://blog.naver.com/dufrhdsu03/222930122280,2022. 11. 17. 11:20,"빵생빵사, 쿠키"
2022,12,성수카페 플럼프 빵지순례 먼치킨과 맘모스 군단,https://blog.naver.com/semins77/222947772715,2022. 12. 6. 16:41,"피스타치오, 맘모스빵, 도넛"
2022,12,서울 빵지순례 도곡동 빵집 김영모과자점 파네토네 슈톨렌,https://blog.naver.com/brightenedu/222959422260,2022. 12. 18. 23:44,"샌드위치, 까눌레, 슈톨렌, 파네토네, 스콘, 빵심, 케이크"
2022,12,삼각지역 브런치 테디뵈르하우스 빵지 순례,https://blog.naver.com/cabbagegarden1999/222949387160,2022. 12. 8. 8:05,"샌드위치, 빵맛, 도넛, 크루아상, 피스타치오"
2022,12,속초 빵지순례 프랑제리 사과빵 켄싱턴리조트 설악비치 오션뷰 카페에서,https://blog.naver.com/doublesyoung/222948459903,2022. 12. 7. 9:59,
2022,12,성수 카페 플럼프 빵지순례로 갈만한 성수동 핫플,https://blog.naver.com/2ski2/222963425942,2022. 12. 23. 12:04,"샌드위치, 맘모스빵"
2022,12,대전 빵지순례 꼭 가야할 잠봉뵈르 빵집 추천해요 : ),https://blog.naver.com/wendyandj/222964717995,2022. 12. 24. 20:35,"샌드위치, 크루아상, 잠봉뵈르, 소금빵"
2022,12,대구 빵지순례 : 반월당 카페 연남방앗간 반달스퀘어점,https://blog.naver.com/tellin9vi/222961671292,2022. 12. 21. 12:25,"소금빵, 피스타치오, 약과, 도넛"
2022,12,<빵지순례 유기농 건강빵 특집>,https://blog.naver.com/sntjdska123/222944206914,2022. 12. 2. 19:30,"바나나빵, 감자빵, 붕어빵, 마들렌, 휘낭시에, 까눌레, 스콘, 크루아상, 팥빵"
2022,12,"부산 빵지순례 코스, 남천동 빵집 빵천동 모음집 best 5(ft. 지도)",https://blog.naver.com/milky1352/222962608844,2022. 12. 22. 13:21,"크루아상, 소금빵, 쿠키, 타르트"
2022,12,의왕시 빵지순례 핫플 ‘명장시대 백운호수점’에 가보았어요!,https://blog.naver.com/yesuw21/222923474562,2022. 12. 1. 10:00,"샌드위치, 츄러스, 소금빵, 케이크"
2022,12,뚜쥬르과자점 천안 빵지순례 3탄,https://blog.naver.com/goorumdd/222958570297,2022. 12. 17. 21:49,"빵류, 안빵, 소금빵, 파이"
2022,12,홍대 가볼만한곳 서울 카페 노티드 연남 빵지순례 핫플 데이트 코스,https://blog.naver.com/everlsk/222960568816,2022. 12. 20. 10:00,
2022,12,연희동 빵집 폴앤폴리나 이것이 빵지순례,https://blog.naver.com/sesil0102/222958118960,2022. 12. 17. 10:05,프레첼
2022,12,대전 관광 당일치기 여행 추천 성심당 본점 빵지순례 아이랑 먹거리 나들이,https://blog.naver.com/rafiuta/222971457654,2022. 12. 31. 23:09,"건빵, 단팥빵, 샌드위치, 호밀빵, 밤빵, 처빵, 소금빵, 약과, 잠봉뵈르, 도넛, 케이크"
2022,12,대전 성심당 본점과 케익부띠끄 줄서서 먹는 빵지순례,https://blog.naver.com/goforit_k/222950471152,2022. 12. 9. 8:51,"빵값, 팡도르, 슈톨렌, 빵빵, 파네토네, 제과제빵, 케이크"
2022,12,울산 빵지순례 베이커리 고건오의 티라미수,https://blog.naver.com/jeklove0922/222964620727,2022. 12. 24. 18:42,"빵안, 샌드위치, 쿠키, 케이크"
2022,12,여수 빵맛집 '키스링' 여수빵지순례,https://blog.naver.com/msunh/222955981248,2022. 12. 14. 23:56,"마늘빵, 링빵, 빵맛"
2022,12,제주도 빵지순례 대한민국 제과기능장의 제주빵집 라온베이커리,https://blog.naver.com/kokage1120/222953242701,2022. 12. 12. 13:04,"마늘빵, 케이크, 맘모스빵, 쌀빵, 빵믈리에, 소금빵"
2022,12,나의 서울 빵지순례 스타벅스 베이커리 샌드위치,https://blog.naver.com/inno73/222952802329,2022. 12. 11. 22:44,"샌드위치, 스콘"
2022,12,인천케이크맛집 명인빵지순례 케이크까지 맛있어,https://blog.naver.com/wldnjs10/222947400989,2022. 12. 6. 10:03,케이크
2022,12,서울 빵지순례 성북동 밀곳간 소금빵 맛집,https://blog.naver.com/hi294294294/222957616005,2022. 12. 16. 17:47,"까눌레, 마늘빵, 타르트, 파이, 퀸아망, 스콘, 소금빵"
2022,12,새해 복 빵빵하게 받으세요! - <빵지순례 수정구 편>,https://blog.naver.com/sntjdska123/222970107725,2022. 12. 30. 19:30,"마늘빵, 고구마빵, 케이크, 빵빵, 바나나빵, 맘모스빵, 단팥빵, 깨찰빵, 크레존빵, 샌드빵, 초코소라빵, 토스트, 호박빵, 샌드위치, 팥빵, 밤빵, 소보로빵"
2022,12,울산빵지순례 1순위 윤연당 필수메뉴 시부카와,https://blog.naver.com/taehyunmk/222955328658,2022. 12. 14. 12:08,"케이크, 파이, 마들렌, 팥빵, 빵실빵실, 스콘, 소금빵, 앙버터"
2022,12,"지재근 베이커리, 삼척 빵지순례",https://blog.naver.com/polipoli37/222946483212,2022. 12. 5. 11:26,"케이크, 맘모스빵, 팡도르"
2022,12,춘천 감자밭 카페 빵지순례 춘천 먹거리 찾아~,https://blog.naver.com/anndam/222966589730,2022. 12. 26. 22:50,"빵맛, 빵겉, 감자빵"
2022,12,솔트24 | 서울 혜화 빵지순례 생활의 달인 크로아상 맛집,https://blog.naver.com/myeriary/222947349620,2022. 12. 6. 8:30,"소금빵, 앙버터"
2022,12,강릉빵맛집 강릉빵지순례 강릉오빠 브리오슈,https://blog.naver.com/dasolphoto/222951649710,2022. 12. 10. 15:36,
2022,12,제주 애월 카페 제주도 빵지순례 제주 카페,https://blog.naver.com/bb00dd/222967661050,2022. 12. 27. 22:27,"애월빵, 쌀빵, 고구마빵, 앙버터"
2022,12,천안 빵지순례 뚜쥬루 빵돌가마마을,https://blog.naver.com/sujin0708/222942880132,2022. 12. 4. 7:00,"크루아상, 소금빵, 슈톨렌, 케이크"
2022,12,부천상동빵집 명인빵지순례 상동점 카스테라맛집 추천,https://blog.naver.com/riplim/222960134388,2022. 12. 19. 19:04,"케이크, 맘모스빵, 소금빵, 화이트롤, 빵맛, 프레첼, 베이글, 앙버터"
2022,12,경주 빵지순례간다면 꼭 들려야하는 베이글 베이글러,https://blog.naver.com/davi-kim/222950010864,2022. 12. 12. 7:10,"베이글, 도넛"
2022,12,부천빵지순례 줄라이빵집 : 10번 넘게가본 동네주민의 찐후기,https://blog.naver.com/joeun___/222932842437,2022. 12. 15. 12:50,"까눌레, 빵세, 크루아상, 퀸아망, 소금빵, 잠봉뵈르"
2022,12,수원 빵지순례 스콘과 쿠키가 맛있는 장안문 파트브리제,https://blog.naver.com/majara78/222959303593,2022. 12. 18. 21:18,"타르트, 쿠키, 스콘"
2022,12,"데조로의 집, 판교 삼평동 빵지순례/ 슈톨렌, 크리스마스 케익 판매 중",https://blog.naver.com/4julove/222944379158,2022. 12. 2. 20:05,"베이글, 슈톨렌"
2022,12,강릉 팡파미유 육쪽마늘빵 빵지순례 강문해변 카페,https://blog.naver.com/gftravel/222951295077,2022. 12. 9. 23:46,마늘빵
2023,1,강릉 빵지순례 빵집 쇼핑 연탄빵,https://blog.naver.com/inno73/222979025795,2023. 1. 9. 13:35,"탕빵, 빵칼, 빵맛"
2023,1,잠실 석촌호수 빵집 끄네들로 굴뚝빵 디저트 서울 빵지순례,https://blog.naver.com/kizaki56/222971772927,2023. 1. 2. 15:00,"샌드위치, 케이크, 파이"
2023,1,전국 3대 빵집 여행 빵지순례 대전 성심당 본점 케익부띠끄 빵 추천,https://blog.naver.com/wltn3292/222991622730,2023. 1. 23. 18:20,"케이크, 마들렌, 샌드위치, 제빵사, 소금빵, 앙버터"
2023,1,여수 빵지순례 중앙동 빵맛집 카페,https://blog.naver.com/dongdaegun/222997775567,2023. 1. 28. 23:54,"빵안, 빵속"
2023,1,강릉디저트 샙그린 옹알감자 귀여운 빵지순례,https://blog.naver.com/bin7057/222998008202,2023. 1. 29. 11:06,
2023,1,제주여행 꼭 가야할 제주 빵지순례 <백한철꽈배기>,https://blog.naver.com/yhm529/222983350130,2023. 1. 14. 8:40,도넛
2023,1,광명동굴 데이트 가볼만한곳 소올투베이커리 카페 빵지순례,https://blog.naver.com/nana_80/222992821707,2023. 1. 24. 20:27,소금빵
2023,1,연남동 빵지순례 / 코코로카라 브레드 푸딩,https://blog.naver.com/chicssuin/222982148542,2023. 1. 14. 7:00,"쿠키, 케이크, 푸딩, 피스타치오, 마들렌, 슈톨렌"
2023,1,강릉 중앙시장 주차장 시간 먹거리 강릉 빵지순례 꿀감자빵,https://blog.naver.com/hyr67/222984113213,2023. 1. 14. 14:09,감자빵
2023,1,대전 근교 빵지순례 카페 트리브링 청주 데이트 코스로 딱 좋아!,https://blog.naver.com/usgreen99/222998208535,2023. 1. 30. 6:03,"케이크, 빵값, 크루아상, 파이, 소금빵"
2023,1,경기도 여행 양주 관아지와 빵지순례 서울 근교 카페 제로니모 커피하우스,https://blog.naver.com/cafeinfofam/222980922302,2023. 1. 11. 6:44,
2023,1,전남 여수여행 가볼만한곳 오션뷰 카페 US 빵지순례 연탄빵 신기하네!,https://blog.naver.com/lsy5088/222976257496,2023. 1. 6. 7:00,"단팥빵, 소금빵, 고구마빵, 빵마"
2023,1,제주 빵집 애월당 백화점 빵지순례,https://blog.naver.com/msjh1012/222973488721,2023. 1. 5. 0:10,"까눌레, 타르트, 소금빵, 크루아상, 샌드위치, 베이글"
2023,1,"제주 빵지순례, 빵끋 (시오빵 원조)",https://blog.naver.com/ggomile2/222983805982,2023. 1. 13. 23:53,"소금빵, 빵끋, 잠봉뵈르, 김녕빵집"
2023,1,부천빵집 명인빵지순례1984 촉촉카스테라 맛있당,https://blog.naver.com/mits37/222998190140,2023. 1. 29. 16:03,"빵구, 맘모스빵, 토스트"
2023,1,대구 갈만한곳 빵지순례 필수 빵집 대구근대골목단팥빵 본점,https://blog.naver.com/amyangela/222974081250,2023. 1. 3. 20:47,"밤빵등, 타르트, 프레첼, 케이크, 단팥빵, 맘모스빵, 파이, 스콘, 공갈빵"
2023,1,천안빵지순례) 뚜쥬르 돌가마점,https://blog.naver.com/icelatte97/222977083500,2023. 1. 6. 21:05,"크루아상, 안빵, 빵맛"
2023,1,시바앙 과자점 천안 빵지순례 마지막 4탄,https://blog.naver.com/goorumdd/222979537307,2023. 1. 9. 21:40,에그타르트
2023,1,빵지순례의 필수코스 초지동 [명장시대]시그니처 안산점,https://blog.naver.com/yurili/222991161471,2023. 1. 22. 21:51,"쿠키, 토스트, 샌드위치, 소금빵, 까눌레, 마늘빵, 단팥빵, 빵돌, 마들렌, 파이, 스콘, 왕밤빵, 에그타르트, 타르트, 맘모스빵, 휘낭시에, 빵순, 앙버터, 빵구, 크루아상"
2023,1,빵지순례 강화빵집 벨팡 (우리밀빵),https://blog.naver.com/sin0788/223000387958,2023. 1. 31. 14:28,밀빵
2023,1,안산 디저트 베이커리카페 빵지순례 데미안,https://blog.naver.com/sonji76/222990518420,2023. 1. 21. 18:07,"제빵, 케이크"
2023,1,제주도 빵지순례 제주 소금빵 맛집 카페 가는곶세화,https://blog.naver.com/tjwlsska/222982924588,2023. 1. 13. 3:08,"휘낭시에, 소금빵, 잠봉뵈르, 앙버터, 감자빵"
2023,1,서울빵지순례. 망원 빵투어 베이글맛집 <브릭베이글> feat. 투떰즈업과 비교,https://blog.naver.com/ksh1992001/222981740905,2023. 1. 11. 21:56,"샌드위치, 베이글, 피스타치오, 빵피"
2023,1,제주도 서귀포 오션뷰 카페 보래드베이커리 빵지순례,https://blog.naver.com/ymart1103/222990705027,2023. 1. 21. 23:27,"쿠키, 에그타르트, 휘낭시에, 파이"
2023,1,"부산 빵지순례 해운대 빵집, 플라잉스콘",https://blog.naver.com/smilly07/222972180128,2023. 1. 1. 22:37,"쿠키, 케이크, 스콘"
2023,1,제주 빵지순례 제주카페 멜버즈,https://blog.naver.com/junihide/222990133427,2023. 1. 20. 23:59,"크루아상, 샌드위치"
2023,1,부산 빵지순례 망미단길 빵집 부산 핫플레이스,https://blog.naver.com/sabujak33/222990037270,2023. 1. 21. 2:10,샌드위치
2023,1,빵지순례 _ 태극당 본점 빵구경,https://blog.naver.com/ssuuuhh/222998918905,2023. 1. 30. 12:59,케이크
2023,1,여수 빵맛집 빵지순례 데이트맛집 카페종화동,https://blog.naver.com/pyalaebyal/222998444329,2023. 1. 29. 22:07,
2023,1,제주도 애월당백화점 제주 빵집 빵지순례,https://blog.naver.com/bom25bom/222995004690,2023. 1. 26. 13:34,"크루아상, 소금빵, 제빵, 호박빵"
2023,1,제주도 빵지순례 아베베 베이커리 제주동문시장 도넛맛집,https://blog.naver.com/youliyan/222991430572,2023. 1. 23. 11:47,도넛
2023,1,대전 롯데백화점 성심당 빵지순례 다녀왔어요,https://blog.naver.com/kimsoupz/222978442354,2023. 1. 8. 20:30,"케이크, 파네토네, 샌드위치, 야끼소바빵, 소금빵"
2023,1,대구근대골목 단팥빵 본점 빵지순례 후기,https://blog.naver.com/skyseekr/222997541416,2023. 1. 28. 20:47,"타르트, 고구마빵, 케이크, 맘모스빵, 단팥빵, 마들렌, 빵위, 빵맛, 파이, 밤빵, 공갈빵"
2023,1,벌교 가볼만한곳 모리씨빵가게 전국 빵지 순례,https://blog.naver.com/paulnam1/222991276577,2023. 1. 23. 0:55,"제빵사, 단팥빵"
2023,1,대구 빵지순례 팔공산 빵집 단팥빵 빵 맛집 초이스엠,https://blog.naver.com/gaongim/222998559799,2023. 1. 30. 7:00,"단팥빵, 소금빵, 샌드위치"
2023,2,공덕 빵지순례 소금빵 맛집 프렌떼,https://blog.naver.com/joop336/223010476610,2023. 2. 9. 17:43,"쿠키, 휘낭시에, 샌드위치, 소금빵, 버터빵"
2023,2,제주시 빵지순례 아베베 베이커리와 근처 산도롱맨도롱,https://blog.naver.com/2minigirl/223019572761,2023. 2. 18. 1:30,
2023,2,성심당 dcc 방문 : 대전 혼자여행의 빵지순례,https://blog.naver.com/rockbeertravel/223005965535,2023. 2. 7. 10:54,"초코소라빵, 케이크"
2023,2,"[구례] 빵지순례 ""목월빵집""",https://blog.naver.com/hcj4379/223011250064,2023. 2. 11. 8:50,호밀빵
2023,2,강원도 춘천 여행 카페 감자밭 빵지순례 먹거리 감자빵 추천,https://blog.naver.com/lv5photo/223009557377,2023. 2. 14. 8:10,감자빵
2023,2,전주 빵집 중화산동 최재호 베이커리 빵지순례,https://blog.naver.com/noonicty/223007515541,2023. 2. 7. 3:46,"케이크, 단팥빵, 소금빵, 샌드위치, 호밀빵, 베이글, 에그타르트, 잠봉뵈르, 앙버터"
2023,2,경주빵지순례 황리단길 황남샌드와 단석가 찰보리빵,https://blog.naver.com/majara78/223009898156,2023. 2. 9. 6:52,"찰보리빵, 쿠키, 황남빵, 경주빵"
2023,2,천안 빵지순례코스 뚜쥬르 돌가마마을에서 빵빵데이를 기다려요,https://blog.naver.com/fastcheonan/223025014745,2023. 2. 23. 14:00,"케이크, 빵소, 빵빵"
2023,2,여수 이순신광장 먹거리 여수 핫플 빵지순례 삼합빵과 여수 딸기모찌,https://blog.naver.com/parangusl_/223019474760,2023. 2. 18. 0:00,"합빵, 단팥빵, 도넛"
2023,2,"강릉 중앙시장 맛집, 빵지순례 필수코스 중화짬뽕빵 메뉴 가격 후기",https://blog.naver.com/hdsign88/223017133745,2023. 2. 15. 23:53,계란빵
2023,2,은평구 빵지순례 연신내빵집 베이커리,https://blog.naver.com/snowrun/223019319755,2023. 2. 17. 20:24,"케이크, 피스타치오, 휘낭시에, 크루아상, 소금빵"
2023,2,"합정빵지순례, '이곳' 안가면 후회합니다.",https://blog.naver.com/sj_amica/223020666820,2023. 2. 19. 14:55,"합정빵, 도넛"
2023,2,안동 맘모스제과 크림치즈빵 빵지순례 다녀옴,https://blog.naver.com/yuuun1/223027023414,2023. 2. 25. 9:00,"맘모스빵, 케이크"
2023,2,부산 빵지순례 비건빵 맛있는 빵집 소담해,https://blog.naver.com/kkali292/223023516067,2023. 2. 21. 23:10,"마늘빵, 쿠키, 프레첼, 건빵, 팥빵, 스콘, 소금빵"
2023,2,제주빵지순례 라온베이커리 제주도민 맛 인증 빵집,https://blog.naver.com/kujaka/223011878921,2023. 2. 10. 20:34,"맘모스빵, 난빵"
2023,2,"남포동 커핑브레드, 부산 빵지순례! 감성 카페",https://blog.naver.com/polipoli37/223008907052,2023. 2. 8. 11:17,"타르트, 쿠키, 케이크, 샌드위치, 잠봉뵈르, 앙버터"
2023,2,구리 베이커리 카페 카페비니 빵집 빵지순례,https://blog.naver.com/godhunting/223004643536,2023. 2. 4. 2:19,"케이크, 샌드위치, 쿠키, 휘낭시에"
2023,2,광주빵집 빵지순례의 필수 코스 윤슬 베이커리,https://blog.naver.com/cookstory1/223029754118,2023. 2. 27. 23:19,"마늘빵, 케이크, 샌드위치, 에그타르트, 앙버터"
2023,2,광명 베이글 빵맛집 빵지순례 훕훕베이글,https://blog.naver.com/dalcomhi/223011336305,2023. 2. 10. 12:18,"베이글, 스콘"
2023,2,제주도 빵지순례 서귀포 카페 바다바라,https://blog.naver.com/hy7276/223022443052,2023. 2. 21. 1:08,"팡도르, 에그타르트"
2023,2,목포 빵집 코롬방제과 vs 씨엘비 빵지순례,https://blog.naver.com/queen77577/223002386115,2023. 2. 8. 11:50,"쿠키, 앙버터"
2023,2,강릉빵지순례 만동제과 강릉빵맛집 빼면 안돼!!!,https://blog.naver.com/tak2chef/223026064965,2023. 2. 28. 9:20,"마늘빵, 베이글"
2023,2,경기도 광주 빵지순례 가볼만한곳 SIU SIA 슈샤,https://blog.naver.com/davi-kim/223005969653,2023. 2. 8. 8:10,"쿠키, 케이크, 소금빵, 크루아상, 샌드위치, 베이글, 잠봉뵈르"
2023,2,이순신수제버거 여수 빵지순례,https://blog.naver.com/kim_toggi/223011059883,2023. 2. 10. 5:20,
2023,2,여수 빵지순례 여수 선물 키스링 마늘빵 치즈빵 리뷰,https://blog.naver.com/miwoomiwoo27/223012899702,2023. 2. 11. 23:47,"마늘빵, 도넛"
2023,2,제주빵지순례 베이크샵 스니프 시나몬롤 맛소감,https://blog.naver.com/qara66/223017720752,2023. 2. 17. 10:00,
2023,2,부산빵지순례 대연동 빠넴 더티초코 존맛,https://blog.naver.com/snowflake_97/223008133226,2023. 2. 7. 16:48,"크루아상, 소금빵, 잠봉뵈르, 퀸아망"
2023,2,인천 구월동빵집 명인빵지순례1984구월점 명인다운 빵맛집,https://blog.naver.com/suemfla/223014469481,2023. 2. 13. 18:45,"마늘빵, 케이크, 단팥빵, 크루아상, 샌드위치, 간강빵, 스콘, 소금빵, 에그타르트, 소보로빵"
2023,2,목포빵집 빵지순례 코롬방제과 새우바게트 빵택배,https://blog.naver.com/hee81hoo/223024830437,2023. 2. 23. 7:00,"빵값, 스콘"
2023,2,방이역카페 히포슈가 빵지순례 + 달콤한 디저트,https://blog.naver.com/perfect62/223021783521,2023. 2. 20. 15:45,빵수니
2023,2,제주도 빵지 순례 제주 공항 세븐일레븐 제주우유 생크림 빵,https://blog.naver.com/kso8888/223027790531,2023. 2. 26. 6:10,
2023,2,남양주 카페 북한강 뷰 카페 대너리스 빵지순례,https://blog.naver.com/godhunting/223012111374,2023. 2. 11. 2:27,"케이크, 퀸아망"
2023,2,제주도 빵지순례 핫플 예감 제주만주 디저트가게,https://blog.naver.com/sk57533/223022568109,2023. 2. 21. 8:35,
2023,2,샌드위치맛집 빵지순례 종각베이커리 사베 sabe,https://blog.naver.com/yooree890/223019583252,2023. 2. 18. 1:41,샌드위치
2023,2,경주 빵지순례 흰별제빵소 먹거리 현지인 추천 간식,https://blog.naver.com/0watergirl0/223009692295,2023. 2. 8. 23:52,"제빵, 소금빵, 케이크"
2023,3,수원 데이트 행리단길 빵지순례 르빵드파리 브런치하우스,https://blog.naver.com/lovemw3/223037074475,2023. 3. 7. 9:19,"르빵드, 휘낭시에, 크루아상, 샌드위치, 퀸아망, 파이"
2023,3,영종도 구읍뱃터 자연도소금빵 인천 빵지순례 가볼만한곳,https://blog.naver.com/dlsl3164/223042695574,2023. 3. 13. 8:55,소금빵
2023,3,제주 중문 맛집 가족과 제주 빵지순례 제주도 빵집 듀브레드,https://blog.naver.com/jeju8253/223031876724,2023. 3. 1. 22:54,"샌드위치, 쿠키, 잠봉뵈르, 케이크"
2023,3,"데조로의 집, 판교 삼평동 빵지순례",https://blog.naver.com/4julove/223047270194,2023. 3. 17. 12:30,"베이글, 케이크"
2023,3,"카페 옥수 여수 빵지순례 빵집 쫄깃한 발효빵 소금빵, 치아바타",https://blog.naver.com/missto5/223037343950,2023. 3. 9. 10:10,"단팥빵, 소금빵, 쿠키"
2023,3,포항 빵지순례 맛집 시민제과,https://blog.naver.com/malovets/223041748433,2023. 3. 11. 21:55,"단팥빵, 빵맛"
2023,3,수원 빵지순례 하얀풍차 망포점,https://blog.naver.com/supermario_d/223049995867,2023. 3. 20. 14:27,"샌드위치, 소금빵, 화이트롤, 케이크"
2023,3,제주 빵지순례 히포파운드 메뉴 추천,https://blog.naver.com/sjdprp4865/223046889101,2023. 3. 16. 23:20,베이글
2023,3,천안 빵지순례 뚜쥬루 빵돌가마마을,https://blog.naver.com/goldbell0/223035693415,2023. 3. 6. 1:50,"소금빵, 빵값, 케이크"
2023,3,수원빵지순례 영통 망포역 하얀 풍차 제과점,https://blog.naver.com/boot_dal/223056103518,2023. 3. 26. 20:01,"제빵, 샌드위치, 도넛, 케이크"
2023,3,강릉 빵집 만동제과 마늘 바게트 빵지순례,https://blog.naver.com/kizaki56/223000573491,2023. 3. 22. 15:00,"마늘빵, 베이글"
2023,3,천안 빵지순례 / 독립기념관 투어,https://blog.naver.com/jmrn9570/223060971602,2023. 3. 31. 15:54,"쿠키, 제빵, 빵불, 소금빵, 빵빵"
2023,3,[이거 어때] 수플레 카스테라 feat 명인 빵지 순례,https://blog.naver.com/nyyii/223055142499,2023. 3. 25. 11:03,"샌드위치, 스콘"
2023,3,대전빵맛집 빵지순례 빠질 수 없는 정인구팥빵,https://blog.naver.com/yellowwish/223045799982,2023. 3. 15. 23:26,팥빵
2023,3,제주 빵지순례 디저트 핫플 애월 빵집 제주만주,https://blog.naver.com/fabrunch/223060675420,2023. 3. 31. 10:36,"빵수니, 파이"
2023,3,2023 베리베리 빵빵데이 ! berry berry~ 빵지순례 천안!,https://blog.naver.com/ad_prince/223057096259,2023. 3. 27. 20:01,빵빵
2023,3,서울빵지순례 치플레 수플레치즈케이크,https://blog.naver.com/irelsuga/223033621718,2023. 3. 3. 16:01,케이크
2023,3,제주 빵지순례 보리빵 맛집 '제주 덕인당(신촌 덕인당)' 주차 및 가격 정보,https://blog.naver.com/youki42/223042108540,2023. 3. 12. 14:16,쑥빵
2023,3,대구빵지순례 그리다빵 영남대본점 경산빵집,https://blog.naver.com/seonah14/223037319280,2023. 3. 7. 13:20,"타르트, 케이크, 소금빵, 프레첼, 베이글, 앙버터"
2023,3,"안산 일동 빵지순례 문스오븐, 빵오픈런 후기!",https://blog.naver.com/puhahoho/223046470662,2023. 3. 16. 16:29,"빵오픈런, 빵구, 크루아상, 샌드위치, 잠봉뵈르"
2023,3,제주도빵집 빵지순례 서귀피안베이커리 카페,https://blog.naver.com/kokage1120/223042119330,2023. 3. 12. 14:33,"크루아상, 단팥빵, 소금빵, 앙버터"
2023,3,속초 빵집 가루 우유크림 듬뿍 엉덩이빵 빵지순례,https://blog.naver.com/muumuu77/223050920652,2023. 3. 21. 9:39,"샌드위치, 움빵, 빵등"
2023,3,천안 빵빵데이 : 듀팡과자점 & 선셋모먼트 천안 빵지순례,https://blog.naver.com/jinsim25/223056634050,2023. 3. 27. 12:30,"앙버터, 파이, 소금빵, 프레첼, 베이글, 빵빵"
2023,3,경주 빵지순례 경주 십원빵 황남빵 찰보리빵,https://blog.naver.com/sabujak33/223054257146,2023. 3. 27. 2:10,"찰보리빵, 황남빵, 경주빵"
2023,3,"영등포 버밀당, 소금빵과 크로플 빵지순례",https://blog.naver.com/happygozip/223049479518,2023. 3. 19. 23:08,"쿠키, 단팥빵, 소금빵, 팥빵, 빵이므, 파이, 베이글"
2023,3,제주 카페 멜버즈 빵지순례 필수 코스 추천,https://blog.naver.com/sweetie29/223054776198,2023. 3. 24. 21:41,"크루아상, 샌드위치, 베이글, 잠봉뵈르"
2023,3,대구 남구 루엘비베이커리 빵지순례 필수코스,https://blog.naver.com/lemon8363/223046046198,2023. 3. 21. 12:20,"타르트, 케이크, 토스트, 맘모스빵, 파이, 샌드위치, 스콘"
2023,3,제주 빵지순례 성산 < 제일 성심당 > 저 멤버쉽 가입했어요,https://blog.naver.com/yooni0603/223052695468,2023. 3. 22. 21:00,"맘모스빵, 타르트, 찐빵"
2023,3,여수빵집 김경오 파티쓰리 빵지순례 여기는 꼭!,https://blog.naver.com/onlyeunja/223033263957,2023. 3. 3. 9:30,"마늘빵, 맛빵템, 맛빵, 크루아상, 빵템, 빵맛, 제빵사"
2023,3,수원 영통 망포 빵지순례 추천 빵집 : 하얀풍차제과점 망포점,https://blog.naver.com/ehfl3639/223032641201,2023. 3. 4. 9:30,"쿠키, 화이트롤"
2023,3,서울 빵지순례 코끼리베이글까지 영등포 데이트,https://blog.naver.com/youliyan/223048615340,2023. 3. 18. 18:41,"샌드위치, 베이글"
2023,3,서울빵지순례 구움과자 맛집 플러피 베이크샵,https://blog.naver.com/irelsuga/223056492288,2023. 3. 27. 9:15,"까눌레, 빵값, 휘낭시에, 마들렌, 소금빵"
2023,3,대전 빵지순례 정인구팥빵 담백고소 그자체!!,https://blog.naver.com/yzzzii/223047841773,2023. 3. 17. 21:50,"팥빵, 빵등"
2023,3,속초 맛있는 빵집 봉브레드 베이커리 가루 빵지순례,https://blog.naver.com/o3o2-/223051242067,2023. 3. 21. 15:12,"마늘빵, 팡도르"
2023,3,"갤러리아 압구정 빵집 고메494 르뱅룰즈 빵지순례,주차",https://blog.naver.com/hihihim1/223038168620,2023. 3. 8. 8:40,"휘낭시에, 샌드위치, 빵맛, 스콘, 소금빵, 잠봉뵈르"
2023,4,여수빵지순례 이순신광장 피타베이커스,https://blog.naver.com/7439233/223083772235,2023. 4. 25. 7:30,"소금빵, 휘낭시에, 마들렌, 크루아상, 샌드위치, 도넛, 프레첼, 베이글"
2023,4,경주 십원빵 첨성대 먹거리 경주 빵지순례,https://blog.naver.com/nailstan/223071910983,2023. 4. 12. 1:26,찰보리빵
2023,4,여수 디저트 맛집 빵지순례 단골인이유 맛있었던 삼합당,https://blog.naver.com/jang6634/223086997652,2023. 4. 27. 19:34,"합빵, 빵빵"
2023,4,인천 빵지순례 실내 놀거리 코스모40,https://blog.naver.com/luvxox/223063551785,2023. 4. 3. 17:00,"크루아상, 소금빵, 케이크, 파이"
2023,4,경주여행 먹거리 할미입맛 간식추천 황남빵 최영화빵 vs 찰보리빵 빵지순례,https://blog.naver.com/jinidag/223086264129,2023. 4. 27. 8:00,"찰보리빵, 황남빵"
2023,4,구례역제과점-빵지순례 /구례 목화식당,https://blog.naver.com/rayam/223078795444,2023. 4. 19. 2:02,"쿠키, 파이, 에그타르트, 버터빵, 앙버터"
2023,4,"여수빵지순례 여수삼합당, 여수삼합빵",https://blog.naver.com/travelguitar/223087119521,2023. 4. 29. 6:40,합빵
2023,4,빵지순례 소금과빛 베이커리(소보로 맛집),https://blog.naver.com/irelsuga/223087487906,2023. 4. 28. 10:10,"소보로빵, 샌드위치, 앙버터, 프레첼"
2023,4,[여행-2023.04.09] 빵지순례 첫코스: 대전 성심당,https://blog.naver.com/tjswjd56/223073106483,2023. 4. 13. 9:54,"샌드위치, 잠봉뵈르"
2023,4,부산 빵지순례 부산 빵집 구포역 제과점빵,https://blog.naver.com/cafeinfofam/223071870641,2023. 4. 12. 0:23,소금빵
2023,4,대구 빵지순례/ 레브슈크레 디저트카페,https://blog.naver.com/rolo_ggo/223072076127,2023. 4. 12. 9:34,"까눌레, 케이크, 길빵, 휘낭시에, 크루아상, 파이"
2023,4,"데조로의 집, 4월에 찾아가는 판교 빵지순례",https://blog.naver.com/4julove/223085009580,2023. 4. 25. 21:39,"베이글, 쿠키"
2023,4,군산 먹거리 이성당 빵지순례 여행,https://blog.naver.com/jwh6514/223064152718,2023. 4. 4. 9:18,"단팥빵, 빵값, 팥빵, 빵맛"
2023,4,마포 마을여행 홍대3대빵집 밥보다 빵 빵지순례,https://blog.naver.com/khhyu0725/223085797152,2023. 4. 26. 17:29,
2023,4,대구 빵집 빵지순례 삼송빵집 고로케 원조,https://blog.naver.com/whgusdn1588/223082281458,2023. 4. 24. 0:10,
2023,4,"양주가볼만한곳 : 빵지순례, 브루다 추천 !",https://blog.naver.com/joy3345/223075142421,2023. 4. 15. 14:00,"크루아상, 샌드위치, 퀸아망, 프레첼, 앙버터"
2023,4,제주도 서귀포 카페 서귀피안베이커리 빵지순례,https://blog.naver.com/obh1680/223088916900,2023. 4. 30. 5:00,"크루아상, 케이크"
2023,4,제주 빵지순례 : 제주 아베베베이커리(ABEBE),https://blog.naver.com/merit365/223085126969,2023. 4. 26. 0:01,"쿠키, 빵피, 케이크, 도넛, 파이, 소보로빵"
2023,4,[일상] 빵지순례 .230429,https://blog.naver.com/palette_wnb/223088951824,2023. 4. 29. 23:32,단팥빵
2023,4,"목포 빵집 코롬방제과, 씨엘비베이커리, 대반동 201, 딸기네집케이크 빵지순례!",https://blog.naver.com/namdokorea/223079165913,2023. 4. 19. 13:57,"마늘빵, 타르트, 쿠키, 케이크, 단팥빵, 제빵, 소금빵"
2023,4,남해 빵지순례 유퀴즈출연빵집 행복베이커리,https://blog.naver.com/lemon8363/223033520915,2023. 4. 10. 7:20,케이크
2023,4,빵지순례 로프베이커리앤커피,https://blog.naver.com/irelsuga/223070134579,2023. 4. 10. 13:55,"파이, 소금빵, 쿠키, 스콘"
2023,4,제주도 간식 빵지순례 한림 타르트 전문점 파스테이스,https://blog.naver.com/barbieone/223081759498,2023. 4. 22. 0:10,"타르트, 에그타르트, 파이"
2023,4,"다산동디저트, 빵지순례 무조건 가야 하는 곳",https://blog.naver.com/sj_amica/223077609047,2023. 4. 17. 22:39,"케이크, 제빵, 프레첼, 소금빵, 제과제빵, 앙버터"
2023,4,경복궁역 빵집 파네트 광화문점 빵지순례 유럽갬성,https://blog.naver.com/sasabana/223079930981,2023. 4. 20. 9:09,"쿠키, 프레첼, 스콘, 소금빵, 에그타르트"
2023,4,수원유기농빵 달보드레 유기농제빵소 빵지순례,https://blog.naver.com/aadkcla/223087192553,2023. 4. 27. 23:59,"쿠키, 파이, 제빵, 호밀빵, 소금빵"
2023,4,경주 최부자댁 한옥카페 대형 빵지순례 카페폴콘,https://blog.naver.com/jokjcj/223087199134,2023. 4. 28. 0:07,"타르트, 케이크"
2023,4,서울 빵지순례 회기베이커리카페 경희대 샤갈의마을,https://blog.naver.com/kongmistar/223064939152,2023. 4. 4. 22:45,"쿠키, 케이크, 크루아상, 팡도르, 소금빵"
2023,4,부산 빵지순례 리스트에 추가! ‘더베이 베이커리’,https://blog.naver.com/sdfghj95/223081518863,2023. 4. 21. 18:30,"팥빵, 맘모스빵, 단팥빵, 빵피"
2023,4,제주도 빵지순례 천연발효 동명동락 제주 한림 빵집!,https://blog.naver.com/wetbell1/223061669162,2023. 4. 1. 9:28,"소금빵, 빵진, 떡빵"
2023,4,경기도 양주카페 AAA베이커리 빵지순례 가볼만한곳,https://blog.naver.com/dlsl3164/223075336692,2023. 4. 15. 9:40,
2023,4,[쉐프조] 서울 문래동 빵지순례,https://blog.naver.com/bboa_3/223079800027,2023. 4. 20. 1:06,"타르트, 케이크"
2023,4,"르빵드비 하남, 서울 빵지순례 빠질수없는 빵집맛집",https://blog.naver.com/jeons1007/223070193771,2023. 4. 10. 14:55,"케이크, 파이, 르빵드비, 크루아상, 르빵드미, 앙버터"
2023,4,청량리 빵집 서울에서 맛보는 대구 빵지순례 : 삼송빵집,https://blog.naver.com/merit365/223066140500,2023. 4. 6. 0:05,"단팥빵, 빵위, 팥빵, 빵피"
2023,4,동대입구 장충동 빵지순례 치아바타 추천 카페,https://blog.naver.com/bhnx52/223069674634,2023. 4. 9. 23:57,"쿠키, 빵실빵, 푸딩, 샌드위치, 스콘"
2023,5,베비에르부터 담양제과까지 빵지순례 담양 빵집편,https://blog.naver.com/namdokorea/223097367937,2023. 5. 9. 15:29,"케이크, 파이"
2023,5,부산 빵지순례 유명한 모찌크림빵 맛집 베이크백,https://blog.naver.com/snowflake_97/223111325468,2023. 5. 25. 11:05,빵피
2023,5,후쿠오카 여행 코스 다코멧카 핫플 빵집 빵지순례 필수 일정 추천 마리토쪼,https://blog.naver.com/ssongzhou/223115911228,2023. 5. 30. 22:05,"토스트, 빵류, 크루아상, 샌드위치, 도넛"
2023,5,서귀포 오션뷰 카페 제주도 빵지순례 필수 코스 보래드베이커스,https://blog.naver.com/eunjihello/223105547291,2023. 5. 18. 15:33,"케이크, 앙버터, 스콘"
2023,5,런던베이글뮤지엄 도산 재방문했던 서울 빵지순례 후기,https://blog.naver.com/2ski2/223094729798,2023. 5. 6. 10:34,"소금빵, 샌드위치, 프레첼, 베이글, 잠봉뵈르"
2023,5,"전남 빵지순례 첫 번째 EVENT, 전남 빵지순례 떠나자!",https://blog.naver.com/greenjeonnam/223110394307,2023. 5. 24. 11:33,"케이크, 제빵, 쌀빵, 건빵, 누빵, 특화빵"
2023,5,후쿠오카 카페투어 빵지순례 1탄 카카 치즈케이크 사쿠라자카,https://blog.naver.com/nau2001/223114917758,2023. 5. 29. 22:32,"쿠키, 케이크"
2023,5,빵 택배 불고기베이크 뚱베 빵지순례,https://blog.naver.com/nuroonge/223102519213,2023. 5. 15. 13:46,
2023,5,서울빵지순례 공덕 수더분,https://blog.naver.com/irelsuga/223098566634,2023. 5. 10. 19:27,"샌드위치, 촉빵"
2023,5,[빵지순례]전주시 완산구 효자동 뺑드파미유,https://blog.naver.com/ooyyrr1004/223115962903,2023. 5. 30. 23:00,"마늘빵, 쌀깨빵, 단팥빵, 소금빵, 휘낭시에, 빵맛, 파이, 베이글"
2023,5,빵지순례 택배 유명 불고기베이크 ‘뚱베’,https://blog.naver.com/sungyoojin12/223101874397,2023. 5. 14. 20:15,빵비
2023,5,빵지순례 택배로 즐겨보는 뚱베 불고기베이크,https://blog.naver.com/sjyh86/223100877636,2023. 5. 13. 8:39,
2023,5,부산빵지순례 서면빵집 희와제과 휘낭시에 비스킷 메뉴 추천,https://blog.naver.com/ihyeon_isme/223103565684,2023. 5. 17. 12:00,"케이크, 붕어빵, 길빵, 휘낭시에, 팥빵, 스콘, 밤팥빵"
2023,5,@ 제주 빵지순례 제주 도넛 _ 두들리 도넛,https://blog.naver.com/2xhong/223114003347,2023. 5. 28. 19:24,도넛
2023,5,"전남 빵지순례 첫 번째 이벤트, 전남 빵지순례 떠나자!",https://blog.naver.com/namdokorea/223097206179,2023. 5. 9. 12:38,"찰보리빵, 쿠키, 건빵, 누빵, 소금빵, 베이글, 고구마빵, 케이크, 단팥빵, 마들렌, 쌀빵, 파이, 스콘, 촉촉빵, 타르트, 책빵, 제빵, 도넛, 합빵, 푸딩, 몽돌빵, 목월팥빵, 햄젠피빵, 감자빵"
2023,5,"포항 3대빵집 빵지순례, 한스드림 카페 베이커리",https://blog.naver.com/armdaunai/223107215666,2023. 5. 20. 17:30,제빵
2023,5,아현역 오르랔 베이커리 빵지순례 댕겨옴,https://blog.naver.com/louimin/223109007729,2023. 5. 22. 22:11,"푸딩, 휘낭시에"
2023,5,부평빵집 맛있고 건강한 명인빵지순례1984 삼산점,https://blog.naver.com/lgirlsbravol/223101244519,2023. 5. 13. 20:46,"마늘빵, 깨찰빵, 스콘, 소금빵, 에그타르트, 앙버터"
2023,5,빵지순례 택배 뚱베 불고기베이크를 편하게 빵배송 받자,https://blog.naver.com/lusa_holic/223107574772,2023. 5. 21. 8:55,
2023,5,맛있는 불고기베이크를 뚱베 빵지순례 택배로 받아보아요,https://blog.naver.com/this840/223105853160,2023. 5. 18. 21:58,
2023,5,천안 여행 뚜쥬르 빵돌가마마을 빵지순례 메뉴 추천,https://blog.naver.com/msjh1012/223105056743,2023. 5. 20. 0:10,"케이크, 빵돌, 소금빵, 샌드위치, 파이, 베이글"
2023,5,하동 빵지순례 화개장터 카페 맛집 추천 밤톨 밤파이,https://blog.naver.com/dmsap2057/223107464671,2023. 5. 21. 0:55,"쿠키, 파이"
2023,5,목포 코롬방제과 빵지순례 전국5대빵집 소개해요,https://blog.naver.com/aldald0863/223090468123,2023. 5. 1. 18:04,제빵
2023,5,제주 카페 제주도 베이커리 빵지순례 외계인방앗간,https://blog.naver.com/obh1680/223083744004,2023. 5. 5. 7:00,"쿠키, 토스트, 케이크, 맘모스빵, 샌드위치, 에그타르트, 빵빵"
2023,5,목포빵집 맛있는 전국5대빵집 빵지순례 코롬방제과점,https://blog.naver.com/bingohwan/223111049370,2023. 5. 25. 0:02,"쿠키, 카레빵, 단팥빵, 크루아상, 슈톨렌, 에그타르트, 솜빵"
2023,5,여수 디저트 맛집 또오넛 빵지순례 여수언니 유튜브 맛집,https://blog.naver.com/flskfl88/223103774578,2023. 5. 16. 17:32,도넛
2023,5,빵지순례 치키차카초코 관악신림점 코르네파이맛집,https://blog.naver.com/tama_tanuki/223112212835,2023. 5. 26. 10:14,"깨찰빵, 파이"
2023,5,"곡성 가볼만한 곳 빵집 추천 가랑드, 곡성 디트레인 (ft. 빵지순례)",https://blog.naver.com/namdokorea/223105318918,2023. 5. 18. 11:14,"쿠키, 케이크, 크루아상, 파이, 볼빵"
2023,5,제주여행 서귀포맛집 제주빵지순례 시스터필드 베이커리,https://blog.naver.com/yaongii113/223095675340,2023. 5. 7. 19:42,"크루아상, 소금빵, 쿠키, 케이크"
2023,5,"희와제과, 속이 꽉~찬! 부산 빵지순례 맛집",https://blog.naver.com/polipoli37/223093119270,2023. 5. 4. 9:49,"쿠키, 휘낭시에, 팥빵, 스콘, 빵순"
2023,5,전국5대빵집 목포맛집 코롬방제과 빵지순례 후기,https://blog.naver.com/charming_wd/223091078443,2023. 5. 2. 11:43,제빵
2023,5,연남동카페 빵지순례 하기 좋은 카페 공명,https://blog.naver.com/gospel416/223109020240,2023. 5. 22. 22:25,"베이글, 스콘"
2023,5,"서울 빵지 순례길의 시작, 연희동 피터팬 1978 제과점",https://blog.naver.com/dream_society/223103041569,2023. 5. 15. 23:21,"소금빵, 케이크"
2023,5,대구 빵지순례 빠다롤더테라스 월성동 베이커리카페 빵 맛집,https://blog.naver.com/jmajsm/223100029460,2023. 5. 12. 10:31,"케이크, 마들렌, 크루아상, 샌드위치, 소금빵"
2023,5,[세종 고운동빵집]빵순이들 추천! '몰튼버터' 빵지순례 추천,https://blog.naver.com/heimishbo/223108618634,2023. 5. 22. 20:10,케이크
2023,6,제주 애월빵집 웃뜨리 옥수수 빙수 제주도 빵지순례,https://blog.naver.com/ontheroad_gh/223134253958,2023. 6. 20. 21:37,소금빵
2023,6,대구 소금빵 맛집 라부아뜨엘 빵지순례 필수코스,https://blog.naver.com/lemon8363/223137840112,2023. 6. 27. 12:00,"타르트, 케이크, 소금빵, 샌드위치, 베이글, 제과제빵, 앙버터"
2023,6,여수 이순신광장 먹거리 여수 딸기모찌 여수 시내 빵지순례,https://blog.naver.com/hloveh01/223131638956,2023. 6. 18. 0:10,합빵
2023,6,제주도 빵지순례 서귀포 카페 바다바라,https://blog.naver.com/86rikbsb/223136228148,2023. 6. 22. 22:10,"크루아상, 고구마빵"
2023,6,"갓버터도나스 등 여수 빵, 디저트맛집 추천 빵지순례 여수편 (ft.기념품)",https://blog.naver.com/namdokorea/223120693772,2023. 6. 5. 13:33,"제빵, 소금빵, 몽돌빵, 특화빵"
2023,6,대전 빵지순례 <연선흠 베이커리카페> 빵 추천,https://blog.naver.com/jeggange/223105947541,2023. 6. 5. 10:00,"토스트, 파이, 크루아상, 팥빵, 소보루빵, 스콘, 소금빵, 에그타르트"
2023,6,강원도 속초 가볼만한곳 영랑호수윗길 설악해맞이공원 빵지순례 해수욕장,https://blog.naver.com/fromrei8/223118924696,2023. 6. 2. 23:40,
2023,6,서울 빵지순례 방배역 바게틴 내돈후기,https://blog.naver.com/supia2728/223121845605,2023. 6. 6. 20:50,"빵류, 소금빵, 길빵"
2023,6,수원 빵지순례 베이커리 하얀풍차 곡반정동 곡반점,https://blog.naver.com/soothole/223120796417,2023. 6. 6. 9:42,소금빵
2023,6,속초 빵집 브런치 로 즐기기 좋은 빵지순례,https://blog.naver.com/amlee74/223119580505,2023. 6. 3. 23:32,"단팥빵, 휘낭시에, 샌드위치, 스콘, 에그타르트"
2023,6,부산 빵지순례 희와제과 분점 서희와제과,https://blog.naver.com/nako03/223132180357,2023. 6. 18. 19:33,"빵피, 피스타치오, 휘낭시에, 호팥빵, 팥빵, 소보로빵"
2023,6,인천 빵지순례 강화도 카페 그린홀리데이,https://blog.naver.com/cafeinfofam/223135596117,2023. 6. 22. 9:58,"소금빵, 토스트"
2023,6,[빵지순례]순창군 순창읍 미호 베이커리,https://blog.naver.com/ooyyrr1004/223142424982,2023. 6. 29. 20:30,"마늘빵, 쿠키, 맘모스빵, 단팥빵, 황남빵, 크루아상, 팥빵, 밤빵, 공갈빵"
2023,6,"여수 빵지순례, 힙한 베이글이 다양한 피타베이커스",https://blog.naver.com/young9178/223124798920,2023. 6. 9. 22:30,"베이글, 소금빵"
2023,6,제주도 빵지순례 라온베이커리 유명한 제주빵집,https://blog.naver.com/mj-log_/223116516862,2023. 6. 1. 5:00,"타르트, 케이크, 맘모스빵, 단팥빵, 소금빵, 빵수니, 꿀빵, 쌀빵, 베이글"
2023,6,신금호/침착하고느린손/빵지순례,https://blog.naver.com/nice_guja/223118918284,2023. 6. 2. 23:31,"소금빵, 앙버터"
2023,6,제주 핫플 제주도 빵지순례 런던베이글뮤지엄 제주 빵집 메뉴 추천,https://blog.naver.com/hloveh01/223122035842,2023. 6. 8. 0:13,"프레첼, 케이크, 소금빵, 샌드위치, 스콘, 베이글"
2023,6,"춘천빵집, 자유빵집 빵순이의 빵지순례 :)",https://blog.naver.com/j_oohee/223132511092,2023. 6. 19. 7:07,"쿠키, 타르트, 베이글, 잠봉뵈르, 앙버터"
2023,6,부산 빵지순례 맛집 데일리팡 해운대 가면 필수 코스,https://blog.naver.com/n0whurom/223121177332,2023. 6. 11. 9:00,"단팥빵, 샌드위치, 케이크"
2023,6,"[제주 빵지순례] 맛있는 커피와 빵, 북성로42 카페",https://blog.naver.com/bucketlist79/223121779976,2023. 6. 6. 19:09,소금빵
2023,6,성심당 본점 빵 메뉴 추천 잠봉뵈르 포인트 주차 대전 시내 당일치기 여행 코스 빵지순례,https://blog.naver.com/cvcv5552/223124880273,2023. 6. 10. 0:22,"케이크, 샌드위치, 계란빵, 소금빵, 잠봉뵈르, 앙버터"
2023,6,서울 빵지순례 맛집 용리단길 카페 브레디포스트 용산,https://blog.naver.com/hy7276/223122100924,2023. 6. 7. 3:56,"빵맛, 잠봉뵈르, 프레첼"
2023,6,빵지순례 : 강릉 골목에 위치한 동네빵집,https://blog.naver.com/pinegn/223133689458,2023. 6. 20. 11:16,"소금빵, 쿠키, 공갈빵"
2023,6,"[후기] 제주빵지순례, 빵에 진심인 모노클제주 방문후기",https://blog.naver.com/indra413/223126439875,2023. 6. 12. 9:58,"케이크, 제빵, 스콘, 빵순, 소금빵"
2023,6,[1950 태성당] 부산 : 부산역 주변 빵지순례 파이만쥬 맛집,https://blog.naver.com/mata_haru/223135619028,2023. 6. 22. 10:24,"크루아상, 소보로빵, 파이"
2023,6,여수빵지순례 게장 먹고 디저트로 최고였던 빵맛집,https://blog.naver.com/justnopressure/223124788718,2023. 6. 9. 22:15,붕어빵
2023,6,이 정도면 역사와 전통의 빵지순례 / 식빵맛집 브레드숨,https://blog.naver.com/chicssuin/223126786731,2023. 6. 13. 6:00,"샌드위치, 소금빵, 빵피"
2023,6,대구 빵지순례 빵집 초이스엠 팔공산 베이커리 카페,https://blog.naver.com/osumorao/223134547885,2023. 6. 21. 8:32,단팥빵
2023,6,여주 베이커리 카페 빵명장 맛있는빵집 남한강뷰 빵지순례,https://blog.naver.com/haemidaek/223135542451,2023. 6. 22. 8:39,"마늘빵, 타르트, 쿠키, 케이크, 파이, 빵죵류, 스콘, 팡도르, 베이글, 에그타르트"
2023,6,광주 궁전제과 충장점 :D 광주 여행 빵지순례,https://blog.naver.com/april_2023/223125840788,2023. 6. 11. 14:56,"처빵, 소금빵, 단팥빵, 알빵"
2023,6,속초 카페설악산로 베이커리 빵집 브런치 데이트 빵지순례,https://blog.naver.com/hihihim1/223132822861,2023. 6. 19. 13:59,"쿠키, 케이크, 파이"
2023,6,서울 용산 올드페리도넛으로 시작하는 도넛 빵지순례,https://blog.naver.com/madebyrani/223125397493,2023. 6. 10. 20:54,"피스타치오, 도넛"
2023,6,대구빵지순례 마늘바게트 맛있는 빠다롤뺑프랑스,https://blog.naver.com/snowflake_97/223120840213,2023. 6. 5. 16:02,"쿠키, 타르트, 케이크, 크루아상, 샌드위치, 베이글"
2023,6,제주도 베이커리 카페 아름다운 제주와 함께 빵지순례,https://blog.naver.com/youliyan/223137765576,2023. 6. 24. 20:28,"쌀빵, 애월빵, 베이글, 팥빵"
2023,6,뚜레쥬르 라뜰리에 케이크 빵 추천 맛있는 빵집 서울 빵지순례,https://blog.naver.com/niky8888/223122152008,2023. 6. 7. 7:50,"까눌레, 타르트, 케이크, 토스트, 단팥빵, 마들렌, 스콘"
2023,7,완주 빵지순례 코스 - 조선명인단팥빵과 오늘제빵소,https://blog.naver.com/wanjugun/223153732006,2023. 7. 12. 10:00,"고구마빵, 단팥빵, 크루아상, 제빵, 샌드위치, 팥빵, 빵맛, 도넛, 파이, 소금빵"
2023,7,런던베이글뮤지엄 빵집 제주 카페 레이어드 제주도 빵지순례,https://blog.naver.com/nailstan/223167154659,2023. 7. 27. 1:29,"프레첼, 케이크, 소금빵, 스콘, 베이글"
2023,7,"대전 유성구 카페, 제과기능장 운영 빵지순례 맛집 '연선흠 베이커리카페'",https://blog.naver.com/yuseonggu/223167372278,2023. 7. 27. 13:00,
2023,7,강원도 감자빵 강릉 빵집 정남미명과 빵지순례 구황작물빵 고구마빵 옥수수빵 밤빵...,https://blog.naver.com/ddltnfka/223165355292,2023. 7. 25. 8:41,"호박빵, 밤빵, 고구마빵, 감자빵"
2023,7,목포빵집 빵지순례 씨엘비베이커리 나혼산 박나래 목포투어 새우바게트 내돈내산,https://blog.naver.com/ymart1103/223166139034,2023. 7. 25. 23:58,"맘모스빵, 소금빵, 단팥빵, 타르트"
2023,7,주말데이트/밀도/빵지순례,https://blog.naver.com/nice_guja/223151072912,2023. 7. 9. 16:30,
2023,7,"데조로의 집, 판교 삼평동 빵지순례, 넘 늦었다!",https://blog.naver.com/4julove/223149337240,2023. 7. 7. 11:06,"타르트, 에그타르트"
2023,7,제주 빵지순례 릿파이샵,https://blog.naver.com/yousuyoon/223157261309,2023. 7. 15. 23:55,파이
2023,7,여수여행 빵지순례 키스링 마늘빵,https://blog.naver.com/kiti_blue/223164758623,2023. 7. 24. 15:58,"마늘빵, 빵맛, 도넛"
2023,7,광주 빵지순례 풍암동 빵집 뺑오블랙,https://blog.naver.com/suna5454/223148965859,2023. 7. 6. 22:28,"쿠키, 운빵, 김빵순, 크루아상, 샌드위치, 베이글"
2023,7,박하경 여행기 제주도 빵지순례 서귀포 남양당,https://blog.naver.com/jejusilencer/223154544376,2023. 7. 13. 0:02,"제빵, 제빵점, 케이크"
2023,7,분위기 좋은 제주도 빵집 빵지순례 지도,https://blog.naver.com/dbslghksl/223169348118,2023. 7. 29. 16:00,"애월빵, 케이크"
2023,7,"빵 느루 - 감자소금빵, 강릉 빵지순례",https://blog.naver.com/bamsirang/223151577840,2023. 7. 10. 8:29,"빵느루, 빵수니, 길빵, 빵맛, 스콘, 소금빵, 감자빵"
2023,7,국내여행 제주공항 근처 시내 빵지순례 맛집 빵귿,https://blog.naver.com/thankyougoro/223165130484,2023. 7. 24. 23:05,"빵귿, 크루아상, 샌드위치, 스콘, 소금빵, 빵겉"
2023,7,강릉 빵지순례 강릉오빠 브리오슈,https://blog.naver.com/rkswlwoddl84/223143618277,2023. 7. 1. 1:38,케이크
2023,7,제주 구좌읍 종달리 마을 카페 만나빵집 빵지순례,https://blog.naver.com/obh1680/223157824831,2023. 7. 17. 7:00,"쿠키, 케이크, 단팥빵, 약과, 스콘, 소금빵, 에그타르트, 소보로빵"
2023,7,제주 빵지순례 수제파이맛집 릿파이샵,https://blog.naver.com/q1640/223164656625,2023. 7. 24. 14:17,"타르트, 파이"
2023,7,목포 빵집 빵지순례 목포 코롬방제과 새우바게트,https://blog.naver.com/rafiuta/223170154037,2023. 7. 31. 7:00,"제빵, 마늘빵"
2023,7,서면빵집 빵지순례 들려야할 곳 라푀유크로와상,https://blog.naver.com/jiniya11111/223153034158,2023. 7. 11. 15:55,"크루아상, 앙버터"
2023,7,대구 빵지순례로 유명한 윈드윈베이커리 웨이팅후기 (김숙티비 40미 여행),https://blog.naver.com/autumn_eve/223154772711,2023. 7. 13. 9:55,"크루아상, 샌드위치, 팥빵, 밤빵, 스콘, 앙버터"
2023,7,"군산 빵지순례, 정말 유명한 빵집 이성당 솔직후기",https://blog.naver.com/5139455/223163450349,2023. 7. 22. 22:33,단팥빵
2023,7,서귀포맛집 제주도 빵지순례 꿀맛 꿀핀 커스터드,https://blog.naver.com/yousuyoon/223167078434,2023. 7. 26. 23:37,"푸딩, 쿠키, 케이크"
2023,7,춘천 먹거리 대원당 맘모스빵&버터크림빵(빵지순례),https://blog.naver.com/wnsghdudwls/223145712195,2023. 7. 4. 6:30,"맘모스빵, 곰보빵"
2023,7,서귀포 빵집 유기농 베이커리 호도제과 빵지순례,https://blog.naver.com/moonoi_/223152212321,2023. 7. 10. 20:00,"쑥밤팥빵, 소금빵, 밤빵, 베이글, 밤팥빵"
2023,7,여수 빵지순례 <키스링> 이순신광장 앞 기념품 추천,https://blog.naver.com/seung2435/223155469451,2023. 7. 13. 22:21,마늘빵
2023,7,"안동 빵지순례 추천 ""맘모스베이커리""",https://blog.naver.com/andongcity00/223167409118,2023. 7. 27. 11:37,"케이크, 맘모스빵, 휘낭시에, 마들렌, 도넛, 앙버터"
2023,7,"[마포구SNS서포터스] 공덕 빵지순례, 소금빵 맛집 '곤트란쉐리에 마포공덕점'",https://blog.naver.com/prmapo77/223155167944,2023. 7. 13. 16:44,"케이크, 소금빵, 크루아상, 샌드위치, 프레첼, 베이글, 버터빵, 앙버터"
2023,7,서귀포 오션뷰 카페 제주 빵지순례 노을 맛집,https://blog.naver.com/jeimona/223165003826,2023. 7. 24. 20:38,"스콘, 소금빵, 에그타르트, 마들렌"
2023,7,수원빵집 빵지순례 하얀풍차제과점 곡반점,https://blog.naver.com/aadkcla/223149038670,2023. 7. 6. 23:55,"샌드위치, 쿠키, 케이크"
2023,7,통영빵집 죽림 뀌숑수크레 빵지순례 다녀왔어,https://blog.naver.com/winwinrn/223169441984,2023. 7. 29. 18:42,"빵속, 크루아상, 죽림빵, 죽립빵, 빵맛, 프레첼, 빵안, 제빵사, 소금빵, 앙버터"
2023,7,"제주도 빵지순례 서쪽 협재 비건빵, 제주 베이커리 rnr",https://blog.naver.com/lemonya3/223163058217,2023. 7. 22. 10:35,"건빵, 빵맛"
2023,7,제주 베이커리카페 빵지순례 아름다운 제주와 함께,https://blog.naver.com/ppoyayj/223161057925,2023. 7. 20. 0:45,"맘모스빵, 샌드위치, 쌀빵, 애월빵, 베이글"
2023,7,"광주빵지순례_광주빵맛집, 베비에르 문화전당점",https://blog.naver.com/jung_nh/223158192195,2023. 7. 17. 7:47,"토스트, 단팥빵, 소금빵, 샌드위치, 베이글, 빵빵, 감자빵"
2023,7,이천 대형카페 빵지순례 베이커리 이진상회,https://blog.naver.com/melodytravel/223151078603,2023. 7. 9. 16:39,"케이크, 마들렌"
2023,7,[빵지순례]영광군 영광읍 이지비지(Eizi Bizi),https://blog.naver.com/ooyyrr1004/223170170610,2023. 7. 30. 20:30,"타르트, 쿠키, 소금빵, 크루아상, 샌드위치, 찰빵, 파이, 베이글, 에그타르트, 앙버터"
2023,8,가루쌀빵 빵지순례 에센브로트 방문,https://blog.naver.com/jh80188492/223195789262,2023. 8. 28. 17:32,"고구마빵, 단팥빵, 마들렌, 쌀빵, 앙버터"
2023,8,가루쌀 빵지순례 울산 라이스 베이커리 방문,https://blog.naver.com/dearj20/223197001727,2023. 8. 29. 22:00,"제빵, 소금빵, 쌀빵, 앙버터"
2023,8,제주도 카페 제주 빵집 빵지순례 디저트 브와두스,https://blog.naver.com/neweunha/223177582172,2023. 8. 8. 0:10,"케이크, 빵픈런, 소금빵, 크룽지, 빵생빵사, 스콘, 베이글"
2023,8,인천 빵지순례 가볼만한곳 강화도 카페 조양방직 여행 코스,https://blog.naver.com/jokjcj/223173323130,2023. 8. 3. 0:16,단팥빵
2023,8,제주도 카페 제주도 빵집 빵지순례 제주 디저트 바솔트 돌빵,https://blog.naver.com/parangusl_/223172382204,2023. 8. 2. 1:17,"돌빵, 쿠키"
2023,8,흰별제빵소 먹거리 경주 빵지순례 현곡 2박3일 경주카페 맛있는빵집 가볼만한곳,https://blog.naver.com/ddo2_ddo2_/223171403038,2023. 8. 1. 8:20,"메론빵, 크루아상, 제빵, 팥빵, 소금빵"
2023,8,"제주 빵지순례 식빵 맛집, 송당의아침",https://blog.naver.com/webneko/223184446317,2023. 8. 15. 21:21,단팥빵
2023,8,[빵지순례]담양군 담양읍 베이커리 밤마을,https://blog.naver.com/ooyyrr1004/223197769101,2023. 8. 30. 17:00,"쿠키, 타르트, 파이, 마들렌, 스콘, 에그타르트"
2023,8,포천 산정호수 빵명장 카페 빵지순례,https://blog.naver.com/shootar/223190313292,2023. 8. 22. 14:18,"마늘빵, 타르트, 고구마빵, 소금빵, 크루아상, 찰빵, 팡도르, 베이글, 앙버터"
2023,8,경주 황남빵 본점 특산품 빵지순례 낱개주문,https://blog.naver.com/0watergirl0/223172965022,2023. 8. 2. 17:10,황남빵
2023,8,알펜시아리조트 옥시델리 빵지순례,https://blog.naver.com/alpensia04/223173518762,2023. 8. 3. 9:22,"겉빵, 제과제빵"
2023,8,제주 집의기록상점 주차 웨이팅 빵지순례 추천,https://blog.naver.com/yui017/223189758184,2023. 8. 21. 22:15,"까눌레, 타르트, 크루아상, 파이, 에그타르트"
2023,8,10593베이글 미국 감성 수원 빵지순례 필수코스,https://blog.naver.com/majara78/223189156262,2023. 8. 21. 11:18,"샌드위치, 베이글"
2023,8,서울빵지순례 파운드맛집 호라이즌16,https://blog.naver.com/irelsuga/223197076537,2023. 8. 29. 23:10,"까눌레, 피스타치오, 휘낭시에, 마들렌"
2023,8,"권선동카페, 전국 빵지순례 TOP3, 하얀풍차제과점 곡반점",https://blog.naver.com/creamble/223176779525,2023. 8. 7. 8:12,"소금빵, 화이트롤"
2023,8,여수 현지인 찐 맛집 여수 빵지순례 키스링,https://blog.naver.com/bloground/223191799652,2023. 8. 23. 23:40,"마늘빵, 도넛"
2023,8,"전주 빵지순례 ""최재호베이커리""",https://blog.naver.com/golderic/223187498576,2023. 8. 19. 0:48,"고구마빵, 케이크, 푸딩, 맘모스빵, 샌드위치, 베이글, 에그타르트, 감자빵"
2023,8,가루쌀 빵지순례 이벤트 참여 인천 논현동 토모루,https://blog.naver.com/valueyey/223195423437,2023. 8. 28. 11:21,"쌀빵, 마들렌"
2023,8,빵지순례 나왔습니다!경기 광명[명장시대],https://blog.naver.com/yurili/223172834987,2023. 8. 2. 15:03,"푸딩, 베이글, 소금빵, 케이크"
2023,8,부천 빵집 베이글이 맛있는 베이커리호프 빵지순례,https://blog.naver.com/o3o2-/223177512508,2023. 8. 7. 21:59,"베이글, 프레첼"
2023,8,[뚱베] 택배로 일산 빵지순례 다녀오기! 뚱뚱한 불고기 베이크!,https://blog.naver.com/legolego-/223176426956,2023. 8. 6. 19:55,빵케팅
2023,8,"부평 삼산동 수플레 카스테라 맛집, '명인빵지순례1984 삼산점'",https://blog.naver.com/yutyutyut90/223181998261,2023. 8. 12. 19:31,"크루아상, 샌드위치, 에그타르트, 퀸아망"
2023,8,속초 오션뷰 카페 속초 빵집 빵지순례 오베르망,https://blog.naver.com/neweunha/223174231522,2023. 8. 3. 23:13,"단팥빵, 크루아상, 파이, 스콘, 소금빵, 에그타르트"
2023,8,여수 빵지순례 이순신 수제버거는 필수지!,https://blog.naver.com/milksama/223191331463,2023. 8. 23. 14:54,
2023,8,[송당의 아침] 제주 동쪽 빵지순례 구좌 빵 맛집,https://blog.naver.com/evway_jeju/223178876725,2023. 8. 9. 10:26,
2023,8,수원 빵지순례 추천! 소문난 디저트 맛집,https://blog.naver.com/seouldatepop/223750662103,2023. 8. 24. 21:00,"개성주악, 케이크, 소금빵, 약과, 화이트롤, 베이글, 에그타르트"
2023,8,수성못 카페 삼송1957 베이커리 대구 빵지순례 맛집,https://blog.naver.com/todaysconsumption/223175209580,2023. 8. 5. 0:12,"타르트, 케이크, 휘낭시에, 샌드위치, 파이, 에그타르트"
2023,8,"빵 택배, 빵지순례 택배 : 한끼식사로 든든한 뚱베 불고기베이크",https://blog.naver.com/rainingwalk/223178061504,2023. 8. 8. 13:45,
2023,8,[춘천 카페] 빵지순례 춘천 대표 빵집 대원당,https://blog.naver.com/schc221/223171653463,2023. 8. 1. 11:27,"타르트, 케이크, 맘모스빵, 크루아상, 샌드위치, 파이"
2023,8,광주 빵지순례 광천동 아미앙스과자점 : 저렴한 가성비 빵집,https://blog.naver.com/merryhunter/223190547952,2023. 8. 22. 18:07,"마늘빵, 케이크, 쌀빵, 팥빵, 알빵"
2023,8,제주여행 빵지순례 서귀포 베이커리 시스터필드 역시 맛있네 맛있어,https://blog.naver.com/yaongii113/223187944092,2023. 8. 19. 18:20,"크루아상, 소금빵, 케이크"
2023,8,부천상동 빵맛집- 명인 빵지순례1984 상동점 두번째 방문,https://blog.naver.com/lineac/223184326011,2023. 8. 15. 18:23,"샌드위치, 화이트롤"
2023,8,제주 애월 카페 짐바란비치 빵지순례 추천,https://blog.naver.com/bom25bom/223180846987,2023. 8. 11. 11:05,"마늘빵, 타르트, 케이크, 휘낭시에, 크루아상, 약과, 밤빵, 소금빵"
2023,8,서울 빵지순례 마포 공덕역 카페 프릳츠 도화점,https://blog.naver.com/jisu1058/223179923251,2023. 8. 10. 12:01,"쿠키, 파이, 휘낭시에, 마들렌, 크루아상, 제빵, 스콘"
2023,8,부천 상동 명인빵지순례 1984 빵 맛집,https://blog.naver.com/kiti5447/223172823276,2023. 8. 2. 14:51,"마늘빵, 쿠키, 케이크, 단팥빵, 소금빵, 휘낭시에, 크루아상, 약과, 찰빵, 샌드위치, 화이트롤, 퀸아망, 스콘, 베이글, 에그타르트, 앙버터"
2023,9,경주 기념품 경주 찰보리빵 경주빵 간식 경주 빵지순례,https://blog.naver.com/hloveh01/223210276731,2023. 9. 14. 0:20,"찰보리빵, 경주빵"
2023,9,대전역 대전 성심당 전국 3대 빵집 빵지순례,https://blog.naver.com/kji206/223213387066,2023. 9. 17. 0:20,"크루아상, 찐빵, 제과제빵, 파이"
2023,9,목포 빵집 맛있는 빵지순례 새우바게트 씨엘비베이커리,https://blog.naver.com/bingohwan/223200193561,2023. 9. 2. 5:54,"쿠키, 피스타치오, 크루아상, 샌드위치, 파이, 공갈빵, 솜빵"
2023,9,아름다운 제주도 베이커리 카페 빵지순례 빵집 모둠,https://blog.naver.com/anboday/223205170690,2023. 9. 8. 7:00,"쿠키, 빵속, 맘모스빵, 크루아상, 샌드위치, 쌀빵, 빵맛, 애월빵, 베이글, 빵빵"
2023,9,속초 빵지순례 필수 허니네,https://blog.naver.com/jintae009/223207833838,2023. 9. 11. 0:30,"크루아상, 앙버터, 프레첼"
2023,9,촉촉베이커리 - 소금 앙버터 생활의 달인 맛집 운정빵집 파주 빵지순례,https://blog.naver.com/cane1/223221522803,2023. 9. 25. 22:41,"쿠키, 팥빵, 빵맛, 버터빵, 앙버터"
2023,9,부산여행 빵지순례 필수코스 초량온당 베이커리,https://blog.naver.com/nicenomo/223222392632,2023. 9. 26. 20:02,"케이크, 푸딩, 맘모스빵, 피스타치오, 소금빵"
2023,9,대구맛집 경산빵집 빵지순례 그리다빵 본점,https://blog.naver.com/mam0515/223194922997,2023. 9. 10. 9:42,"타르트, 케이크, 크루아상, 스콘, 소금빵, 에그타르트, 앙버터"
2023,9,강릉 빵지순례 카페 핫플 체크이스트,https://blog.naver.com/tkxkd62/223201461206,2023. 9. 4. 7:40,파이
2023,9,서울 답십리 빵지순례 맛집 베이크하우스,https://blog.naver.com/supermario_d/223208968524,2023. 9. 12. 6:51,"케이크, 맘모스빵, 샌드위치, 팥빵, 소보루빵"
2023,9,전주 빵지순례 필수코스 PNB 풍년제과 초코파이,https://blog.naver.com/lemon8363/223170825574,2023. 9. 19. 7:00,
2023,9,가루쌀 빵지순례 수원 삐에스몽테 제빵소 소금빵 필수,https://blog.naver.com/amyangela/223204910518,2023. 9. 7. 13:45,"제빵, 소금빵, 쌀빵, 케이크"
2023,9,씨엘비 베이커리 / 목포 로컬 빵집 빵지순례,https://blog.naver.com/yiroum/223206934575,2023. 9. 9. 20:41,소금빵
2023,9,제주 빵지순례 크림빵 맛집 동문시장 솔브레,https://blog.naver.com/i1214/223221868447,2023. 9. 26. 10:50,소금빵
2023,9,[빵지순례]서울특별시 강남구 양재동 피트앤브레드,https://blog.naver.com/ooyyrr1004/223225215891,2023. 9. 30. 22:30,"소라빵, 프레첼, 고구마빵, 쿠키, 맘모스빵, 파이, 단팥빵, 샌드위치, 스콘, 소금빵, 앙버터, 감자빵"
2023,9,제주도 빵지순례 애월빵집 웃뜨리 베이커리 카페,https://blog.naver.com/osumorao/223220017603,2023. 9. 24. 9:31,"샌드위치, 에그타르트"
2023,9,"제주 핫플 빵지순례, 동문시장 아베베베이커리",https://blog.naver.com/shy486kgs/223220811145,2023. 9. 25. 9:59,"마늘빵, 도넛"
2023,9,대전 빵지순례 꾸드뱅,https://blog.naver.com/advance_jy/223204689601,2023. 9. 7. 9:35,"케이크, 소금빵, 쿠키, 앙버터"
2023,9,동해여행오면 빵지순례로 동해제빵소,https://blog.naver.com/b0ygd/223200709664,2023. 9. 2. 22:29,"소금빵, 크루아상, 제빵, 도넛, 스콘, 베이글"
2023,9,대전 성심당 빵지순례 다녀왔어요,https://blog.naver.com/cyj9196/223201984497,2023. 9. 4. 14:21,"파이, 소금빵, 마들렌"
2023,9,대구 빵지순례 동대구역 대구 근대골목 단팥빵 솔직후기,https://blog.naver.com/yhm529/223205786870,2023. 9. 8. 12:01,단팥빵
2023,9,울산 우정동 빵집 뺑오네트 태화시장 빵지순례,https://blog.naver.com/kiss9202/223202788806,2023. 9. 5. 10:39,"샌드위치, 소금빵, 퀸아망"
2023,9,"아름다운 제주, 제주도 빵지순례 빵집과 베이커리 카페 3곳!",https://blog.naver.com/viphsh88/223224895952,2023. 9. 30. 12:10,"케이크, 빵류, 맘모스빵, 쌀빵, 애월빵"
2023,9,수원 하얀풍차 제과점 콜브오븐으로 만든 빵지순례,https://blog.naver.com/chahyang88/223214984576,2023. 9. 18. 19:12,"쿠키, 케이크, 맘모스빵, 제빵, 빵맛, 제빵사, 소금빵"
2023,9,오사카 빵지순례 까눌레 맛집 까눌레당(カヌレ堂),https://blog.naver.com/barbieone/223221781493,2023. 9. 26. 9:06,까눌레
2023,9,대구 빵지순례 앞산 빵집 소금빵 유명한 118베이크샵,https://blog.naver.com/lemon8363/223211055471,2023. 9. 16. 12:00,"금빵, 소금빵"
2023,9,서귀포맛빵집 빵지순례 윤꽈배기 꼭 드세요! 두 번 드세요~,https://blog.naver.com/leekoo0904/223200598922,2023. 9. 2. 19:29,
2023,9,삼성동 베이커리 유기농빵집 블랑제리단켄 빵지순례하고 옴,https://blog.naver.com/pinkponytail/223209524790,2023. 9. 12. 17:36,"케이크, 제빵, 빵맛, 호밀빵, 소금빵"
2023,9,서울3대빵집 빵지순례 다녀옴[리치몬드 과자점]성산본점,https://blog.naver.com/yurili/223202430234,2023. 9. 4. 22:17,"케이크, 빵구, 샌드위치, 빵맛, 파이, 제과제빵"
2023,9,속초 키즈카페 빵지순례 조식 켄싱턴리조트 즐길거리,https://blog.naver.com/bennywhang/223201037229,2023. 9. 3. 12:30,
2023,9,"""""제주 서귀포 안덕 유기농 빵집 [호도제과] 빵지순례",https://blog.naver.com/witch0128/223200712837,2023. 9. 2. 22:33,"소금빵, 휘낭시에, 샌드위치, 스콘, 베이글"
2023,9,인천대형카페 남촌회관 구월동디저트카페 빵지순례 다녀왔어요,https://blog.naver.com/ohime728/223222942337,2023. 9. 28. 7:30,"크루아상, 약과, 계란빵, 샌드위치, 파이"
2023,9,제주성산빵집 빵지순례 34년의 전통 로컬빵집,https://blog.naver.com/hyerimelove/223206273158,2023. 9. 8. 22:10,"케이크, 제빵, 샌드위치, 도넛, 파이"
2023,9,서희와제과 부산빵지순례 맛집 휘낭시에 대박 광안리 빵집,https://blog.naver.com/oyj10244/223217141856,2023. 9. 21. 10:20,"토스트, 빵구, 피스타치오, 휘낭시에, 호팥빵, 샌드위치, 도넛, 스콘, 소보루빵, 밤팥빵"
2023,9,"대전 빵지순례 성심당 본점, 성심당 빵투어 후기",https://blog.naver.com/dmgk32/223204227881,2023. 9. 6. 18:34,"찐빵, 샌드위치"
2023,10,전주남부시장 빵지순례 라이브어라이브,https://blog.naver.com/rokavirus/223233333752,2023. 10. 11. 6:00,베이글
2023,10,동대구역 KTX 먹거리 대구 빵지순례,https://blog.naver.com/amlee74/223227227532,2023. 10. 3. 20:30,"단팥빵, 찰보리빵, 도넛, 경주빵"
2023,10,평택 빵과당신 제과명장 대형카페 평택빵집 빵지순례,https://blog.naver.com/jjanga0714/223230596137,2023. 10. 7. 15:50,"케이크, 파네토네, 단팥빵, 소금빵, 빵값, 제빵, 파이, 베이글, 에그타르트, 잠봉뵈르"
2023,10,경주빵지순례 소금빵 베이커리 소하염전 황리단길카페,https://blog.naver.com/bodoru/223233649900,2023. 10. 11. 13:53,"소금빵, 빵값, 경주빵"
2023,10,서울빵지순례 타르데마베이커리 방화본점 소금빵 후기,https://blog.naver.com/yaongii113/223242504823,2023. 10. 21. 8:58,"소금빵, 크룽지, 제빵, 샌드위치, 베이글, 잠봉뵈르"
2023,10,여자혼자 해외여행 일본 후쿠오카 빵지순례 스톡 하레노 가든 웨스트,https://blog.naver.com/kongmistar/223249464790,2023. 10. 29. 9:25,"크루아상, 샌드위치, 스콘, 잠봉뵈르, 앙버터"
2023,10,제주 카페 제주도 빵지순례 예쁜카페 피커스 제주 디저트 추천,https://blog.naver.com/neweunha/223235575493,2023. 10. 13. 12:59,"쿠키, 고구마빵, 마들렌, 쌀빵, 소금빵"
2023,10,"빵순이들 출동! 시그니처 메뉴가 있는 빵집, 전주 빵지순례",https://blog.naver.com/jeonju_city/223234105275,2023. 10. 12. 10:00,"쿠키, 케이크, 크루아상, 제빵, 샌드위치, 제과제빵, 빵빵"
2023,10,2023 대전 빵 축제 기본정보 성심당 외 빵지순례 대전 시내 놀거리 서대전 공원 먹거리,https://blog.naver.com/ojirap1004/223246501523,2023. 10. 25. 19:50,"쿠키, 케이크, 빵빠레, 마들렌, 제빵, 샌드위치, 빵빵"
2023,10,[빵지순례]여수시 중앙동 거북선빵,https://blog.naver.com/ooyyrr1004/223251045603,2023. 10. 30. 23:35,"제빵, 빵맛, 꿀빵"
2023,10,2023 대전 빵축제 기본정보 라인업 이벤트 전국 빵지순례 준비,https://blog.naver.com/witchmomma/223246079554,2023. 10. 25. 12:13,빵빵
2023,10,"데조로의 집, 판교 삼평동 빵지순례/ '23. 10월",https://blog.naver.com/4julove/223241412433,2023. 10. 20. 12:40,빵진
2023,10,경주 빵지순례 에밀레브레드 기념품 선물하기 좋은 페스츄리,https://blog.naver.com/soh109/223228668278,2023. 10. 5. 11:22,"빵결, 찰보리빵, 경주빵"
2023,10,광주 빵지순례 빵과장미 푸가스 비건빵집,https://blog.naver.com/merryhunter/223226809321,2023. 10. 3. 9:17,"제빵, 건빵"
2023,10,쉐프부랑제 운양점 - 김포 빵지순례 빵 맛집 추천,https://blog.naver.com/gimpo2010/223227832628,2023. 10. 8. 7:20,샌드위치
2023,10,여수 빵지순례 코스 이순신광장 귀감 꼭 들러요,https://blog.naver.com/th3klove/223236845814,2023. 10. 15. 0:20,
2023,10,예산 예당호카페 응봉상회 / 빵지순례 성공적 ♥,https://blog.naver.com/tnrua34/223232584043,2023. 10. 10. 12:10,"까눌레, 마늘빵, 파이, 소금빵, 스콘, 팡도르, 베이글, 에그타르트, 앙버터"
2023,10,부산 빵지순례 사장님 친절한 뉴문 추천,https://blog.naver.com/snowflake_97/223232845879,2023. 10. 10. 18:50,"크루아상, 샌드위치, 팥빵, 퀸아망, 스콘"
2023,10,순쌀빵 | 남천동 빵지순례 쌀빵 비건빵 맛집,https://blog.naver.com/jaspper/223243536540,2023. 10. 22. 20:28,"쿠키, 케이크, 빵류, 휘낭시에, 꿀빵, 약과, 쌀빵, 건빵"
2023,10,부천 바게트 맛집 베이커리 호프 빵지순례 다녀옴,https://blog.naver.com/riplim/223233791453,2023. 10. 11. 16:13,"케이크, 처빵, 파이, 베이글, 빵뎅"
2023,10,여수 이순신광장 빵집 투어 - 여수 빵지순례 귀감,https://blog.naver.com/sigint/223243166777,2023. 10. 22. 9:13,빵맛
2023,10,부평카페추천 빵백화점 인천빵지순례 부평빵맛집 여기,https://blog.naver.com/asdfy/223243423632,2023. 10. 22. 17:28,"쿠키, 케이크, 소금빵, 휘낭시에, 마들렌, 크루아상, 샌드위치, 파이, 베이글, 빵칼, 앙버터"
2023,10,부산 기장 빵맛집 빵지순례로 줄서는 겐츠베이커리,https://blog.naver.com/dlwngml5351/223229097809,2023. 10. 6. 0:00,"베이글, 소금빵, 계란빵"
2023,10,신촌카페 '베베베' 빵지순례 프레츨맛집,https://blog.naver.com/junjin63/223244218397,2023. 10. 23. 14:53,"샌드위치, 베이글, 케이크, 프레첼"
2023,10,부평카페추천 인천빵지순례하기 좋은 빵백화점 부평빵맛집,https://blog.naver.com/lgirlsbravol/223249128955,2023. 10. 28. 19:58,"까눌레, 타르트, 쿠키, 케이크, 소금빵, 크루아상, 샌드위치, 베이글, 앙버터"
2023,10,제주 애월 카페거리 베이글 제주도 빵지순례 짐바란비치,https://blog.naver.com/msjh1012/223238116846,2023. 10. 16. 17:30,"샌드위치, 베이글, 잠봉뵈르"
2023,10,부산 빵지순례 부산역 맛있는 빵집 마켓크라샵,https://blog.naver.com/ljk6621/223238193678,2023. 10. 16. 16:51,"쿠키, 케이크, 크룽지, 크루아상, 약과, 파이, 소금빵, 앙버터"
2023,10,익선동 맛집 빵지순례 자연도소금빵 맛있어요,https://blog.naver.com/ckypyj/223228984956,2023. 10. 5. 17:05,소금빵
2023,10,한남동 데이트 서울 이태원 빵지순례 가볼만한곳 카페 릴리언,https://blog.naver.com/hy7276/223249534838,2023. 10. 29. 11:52,"까눌레, 크루아상, 샌드위치, 빵맛"
2023,10,"[양양 카페] 빵지순례 벽돌집 빵집 맛집, 여운포리 빵집",https://blog.naver.com/noriam/223238496065,2023. 10. 16. 22:50,"샌드위치, 소금빵"
2023,10,제주 빵지순례 빵먹으러 북성로 42 베이커리 카페 가요,https://blog.naver.com/tnruddl45/223228366758,2023. 10. 4. 23:59,"크루아상, 소금빵, 감자빵"
2023,10,로브 김천혁신점 베이커리카페 빵지순례 맛집 가볼만한곳,https://blog.naver.com/mbook1026/223241914186,2023. 10. 20. 14:56,"샌드위치, 잠봉뵈르"
2023,10,목포빵지순례 씨엘비 개성주악 꼭 먹어야함,https://blog.naver.com/veni_vidivixi/223225510386,2023. 10. 1. 11:38,"약과, 개성주악, 파이"
2023,10,부천 상동역 근처 수플레카스테라 맛집 '명인빵지순례 1984 상동점',https://blog.naver.com/yutyutyut90/223243042881,2023. 10. 22. 0:50,"쿠키, 깨찰빵, 크루아상, 샌드위치, 찰빵, 파이, 베이글"
2023,10,안국역카페 화덕베이커리카페 애쉬빌 빵지순례필수,https://blog.naver.com/rain930814/223229971145,2023. 10. 6. 18:00,"샌드위치, 케이크"
2023,11,"부산 더베이베이커리 빵지순례, 밤팥빵 말차모찌 후기",https://blog.naver.com/milbeauty/223264505657,2023. 11. 14. 15:14,"빵피, 맘모스빵, 빵피맛, 길빵, 휘낭시에, 샌드위치, 팥빵, 소금빵, 밤팥빵"
2023,11,선정릉역 빵집 핫코베이커리 서울 빵지순례 필수 코스,https://blog.naver.com/dlditgh999/223265672210,2023. 11. 15. 17:32,"쿠키, 고구마빵, 케이크, 빵류, 소금빵, 피스타치오, 마들렌, 크루아상, 제빵, 베이글"
2023,11,대전여행 빵지순례 필수코스 성심당 케익부띠끄 웨이팅 주차,https://blog.naver.com/cheto/223274271323,2023. 11. 25. 8:25,"케이크, 마들렌, 크루아상, 슈톨렌, 제빵사"
2023,11,Since 1959 부산 빵지순례 중앙동 노포 빵집 - 백구당,https://blog.naver.com/heejunrice/223277400741,2023. 11. 28. 21:06,"타르트, 쿠키, 푸딩, 팥빵, 도넛, 소금빵, 에그타르트, 버터빵"
2023,11,대구 빵지순례 소금빵 디저트 빵집 118베이크샵,https://blog.naver.com/seonmi1982/223268498714,2023. 11. 18. 22:13,소금빵
2023,11,"서울 서촌 빵지순례 파비앙 추천 빵집 마사마드레, 토리, 라부아뜨블루, 서촌스코프",https://blog.naver.com/pingu528/223262005574,2023. 11. 11. 17:52,"쿠키, 케이크, 크루아상, 샌드위치, 스콘, 베이글, 잠봉뵈르"
2023,11,여수 먹거리 핫플 베이글 카페 빵지순례 피타베이커스,https://blog.naver.com/0watergirl0/223262958127,2023. 11. 12. 23:56,"샌드위치, 베이글"
2023,11,대구 빵지순례 따끈한 가창 신상카페 브레드바바 가창점 오픈했어요!,https://blog.naver.com/dlvmsdl11/223266600928,2023. 11. 16. 16:37,"찐빵, 샌드위치, 케이크"
2023,11,성심당문화원 대전 빵지순례왔음 무조건 들려야죠,https://blog.naver.com/byuli55/223277711919,2023. 11. 29. 8:00,"곰보빵, 소금빵, 스콘"
2023,11,"제주 빵지순례 성산 보룡제과 빵집 꼭 가세요. 진짜 미쳤음, 시식 최고",https://blog.naver.com/asnymse/223262835039,2023. 11. 12. 23:00,"크루아상, 소금빵, 에그타르트, 파이"
2023,11,경산베이커리카페 마고플레인 대구대점 빵지순례왔어요,https://blog.naver.com/osumorao/223265116527,2023. 11. 15. 6:42,소금빵
2023,11,대구 북구 카페) 빵지순례로 꼭 가봐야 할 곳! '프롭베이커리',https://blog.naver.com/tlqwkao2322/223275814629,2023. 11. 27. 11:19,"야끼소바빵, 케이크"
2023,11,"부산 서희와제과 빵지순례, 통밀밤팥빵 모듬백이팥빵 후기",https://blog.naver.com/milbeauty/223260184206,2023. 11. 9. 15:35,"토스트, 빵피, 휘낭시에, 통팥빵, 샌드위치, 팥빵, 스콘, 밤팥빵"
2023,11,대전 갈만한곳 대전 데이트코스 먹거리 대전 성심당 본점 빵 추천 빵지순례,https://blog.naver.com/parangusl_/223272102766,2023. 11. 23. 0:00,"타르트, 케이크, 도넛, 파이, 소금빵"
2023,11,천안 뚜쥬루 빵돌가마마을 빵지순례 후기,https://blog.naver.com/bomool5074/223268996817,2023. 11. 19. 18:07,"케이크, 빵돌, 단팥빵, 팥빵, 제빵사"
2023,11,울산 달동 빵집 그리다빵 빵지순례,https://blog.naver.com/jjfantasy/223270761705,2023. 11. 21. 14:59,"밤팥빵, 타르트, 프레첼, 케이크, 소금빵, 메론빵, 크루아상, 샌드위치, 스콘, 베이글, 에그타르트, 잠봉뵈르, 앙버터"
2023,11,제주도빵지순례 식빵 세컨드밀 리치생식빵,https://blog.naver.com/iyaiyao0/223273019944,2023. 11. 23. 20:22,"샌드위치, 토스트, 앙버터"
2023,11,[논현동빵집] 강남 빵지순례: 강남제분소,https://blog.naver.com/venus_kitchen_/223272147130,2023. 11. 22. 22:39,"타르트, 케이크, 토스트, 파이, 팥빵, 쌀팥빵, 스콘, 호밀빵, 앙버터"
2023,11,원주 빵지순례 단계빵집 착한가격베이커리 크림빵,https://blog.naver.com/joara127/223276604542,2023. 11. 28. 1:32,"쿠키, 단팥빵, 휘낭시에, 프레첼, 빵안, 베이글, 슈빵"
2023,11,"동대구역 베이커리 빵지순례 (삼송빵집, 근대골목단팥빵, 빵장수꽈배기)",https://blog.naver.com/lgirlsbravol/223269109013,2023. 11. 19. 21:00,"단팥빵, 황남빵, 프레첼"
2023,11,제주도 빵지순례 아베베베이커리 제주 합리적가격의 메뉴추천,https://blog.naver.com/dadadadadabok/223261809246,2023. 11. 11. 12:00,도넛
2023,11,[경기/가평] 르봉뺑(Le Bon Pain) 본점(ft. 빵지순례),https://blog.naver.com/palette_wnb/223259550448,2023. 11. 11. 7:00,"빵맨, 빵렐루, 파이"
2023,11,서울맛집 - 서울 빵지 순례 연희동 소금빵 맛집 피터팬1978 (+독일빵집),https://blog.naver.com/hsd0937/223260593612,2023. 11. 10. 0:10,"소라빵, 빵피, 초코소라빵, 빵순, 소금빵"
2023,11,호포 해월당 양산 데이트하기 좋은 카페 후기 feat. 부산 빵지순례,https://blog.naver.com/yousuyoon/223276148073,2023. 11. 27. 16:48,"마늘빵, 케이크, 빵값, 퀸아망, 소보루빵"
2023,11,전주빵지순례 전주빵집 유산균반죽으로 유명한 잇츠브레드,https://blog.naver.com/llseul/223265403190,2023. 11. 15. 13:19,"쿠키, 바나나빵, 꿀빵, 샌드위치, 팥빵"
2023,11,부산 빵지순례 초량온당 부산역 근처 빵집 (feat. 오픈런 필수 웨이팅 베이커리 ),https://blog.naver.com/leesufa/223262835487,2023. 11. 13. 7:10,"쿠키, 타르트, 푸딩, 맘모스빵, 소금빵, 스콘, 베이글, 감자빵"
2023,11,제주도 베이커리 카페 빵지순례 좋은곳,https://blog.naver.com/ekwellbeing/223265913494,2023. 11. 15. 22:24,"타르트, 쿠키, 고구마빵, 맘모스빵, 쌀빵, 애월빵"
2023,11,[서울/돌곶이] 뮈에 : 북서울꿈의숲 빵지순례 베이커리카페,https://blog.naver.com/yggz_0_0/223278362954,2023. 11. 29. 20:33,"소금빵, 소금빵잼뵈르"
2023,11,대전 빵지순례 빵한모금,https://blog.naver.com/youaremysoul52/223272369355,2023. 11. 23. 7:27,"까눌레, 크룽지, 크루아상, 샌드위치, 파이"
2023,11,"제주 외도동 빵지순례, 소금빵만 하는 코너웍 외도점",https://blog.naver.com/cheez509/223261535755,2023. 11. 10. 23:36,"소금빵, 앙버터"
2023,11,이순신광장 맛집 광장국밥&여수 빵지순례 갓버터도나스 디저트 추천,https://blog.naver.com/ggm0724/223274965434,2023. 11. 26. 9:57,도넛
2023,11,안산 베이커리카페 디저트 명소 리모트플레이스 빵지순례,https://blog.naver.com/sonji76/223279169234,2023. 11. 30. 16:33,"마늘빵, 베이글, 프레첼"
2023,11,인천카페 명인빵지순례1984 맘모스빵 한근빵 택배,https://blog.naver.com/justpar/223271235557,2023. 11. 21. 23:59,"맘모스빵, 샌드위치, 빵친놈"
2023,11,성수동 빵지순례 콘트란쉐리에 | 성수역 베이커리 카페: 서울/성동구,https://blog.naver.com/baaaba/223274908996,2023. 11. 26. 6:32,"까눌레, 쿠키, 케이크, 단팥빵, 빵드, 마들렌, 크루아상, 제빵, 샌드위치, 퀸아망, 프레첼, 소금빵, 버터빵, 앙버터"
2023,11,서울 카페 베이글리스트 빵지순례 맛있는빵집 핫플 실내 데이트 장소 코스 추천,https://blog.naver.com/everlsk/223268051200,2023. 11. 18. 8:16,"샌드위치, 베이글"
2023,12,남원 빵지순례 명문제과 빵 나오는 시간 웨이팅 주차 정보,https://blog.naver.com/md3544/223292217520,2023. 12. 14. 10:00,"햄빵, 케이크, 꿀빵, 소보루빵"
2023,12,제주공항 근처 제주 빵지순례 무로이 제과점 강추!,https://blog.naver.com/sangil00/223304785958,2023. 12. 27. 17:59,"까눌레, 쿠키, 휘낭시에, 마들렌, 슈톨렌, 스콘"
2023,12,서래마을 빵지순례 마얘 MAILLET / 프랑스 디저트 맛집!,https://blog.naver.com/chicssuin/223286637357,2023. 12. 8. 13:08,"케이크, 제빵, 퀸아망, 파이, 잠봉뵈르"
2023,12,"서울 빵지순례 발산 마곡 빵집 라크루뜨 서울, 여기가 프랑스였던가",https://blog.naver.com/gkgk319/223284456582,2023. 12. 6. 12:26,"프랑스빵, 크루아상, 샌드위치, 슈톨렌, 소금빵, 에그타르트, 잠봉뵈르"
2023,12,울산 빵집 달동 윤연당 딸기케이크 빵지순례 베이커리 카페,https://blog.naver.com/aa1463/223298306961,2023. 12. 20. 12:59,"타르트, 케이크, 크루아상, 팥빵, 슈톨렌, 파이, 소금빵, 에그타르트"
2023,12,"[홍대 연남동 빵집/만동제과]빵지순례 하는 마늘바게트와 엉덩이(ft웨이팅,예약,추천빵)",https://blog.naver.com/mjinchul1/223284291054,2023. 12. 9. 11:30,
2023,12,제주도 빵지순례 ABC베이커리 카페 제주 시내 가볼만한곳 빵집,https://blog.naver.com/ddo2_ddo2_/223280557086,2023. 12. 1. 23:59,"소금빵, 스콘"
2023,12,"세종빵맛집, 빵지순례 :: 몰튼버터 MOLTEN BUTTER",https://blog.naver.com/zaezaelog_/223294117584,2023. 12. 15. 23:59,"까눌레, 쿠키, 토스트, 케이크, 단팥빵, 마들렌, 슈톨렌, 퀸아망, 파이, 소금빵, 앙버터"
2023,12,하레하레 둔산점 대전 빵지순례 쌀 치즈 카스테라 또갈집,https://blog.naver.com/missto5/223272621804,2023. 12. 1. 10:10,"쿠키, 케이크, 파네토네, 소금빵, 크룽지, 마들렌, 약과, 쌀빵, 샌드위치, 슈톨렌, 팥빵, 프레첼, 베이글, 에그타르트, 감자빵"
2023,12,제주 한경면 가볼만한곳 포토존 가득 청수리 빵지순례 카페,https://blog.naver.com/hyoyeol/223293159625,2023. 12. 15. 3:10,
2023,12,인천 신포시장 투어 빵지순례 먹거리 가득,https://blog.naver.com/skawjddl23/223292819499,2023. 12. 14. 19:14,"붕어빵, 파이, 술빵, 계란빵, 도넛, 스콘, 찐빵, 공갈빵"
2023,12,제주 동쪽 카페 추천 성산 모아크루아상 빵지순례 핫플 빵집,https://blog.naver.com/kizaki56/223282381767,2023. 12. 5. 8:10,"크루아상, 소금빵"
2023,12,연남동 빵지순례 필수 코스 마늘 바게트 맛집 '만동제과',https://blog.naver.com/arex_blog/223283717720,2023. 12. 6. 17:30,"마늘빵, 베이글"
2023,12,부산여행 부산빵집 옵스 부산빵지순례 맛있는빵집,https://blog.naver.com/hanke/223300005351,2023. 12. 22. 1:29,"케이크, 타르트, 도넛, 붕어빵"
2023,12,제주 빵지순례 김녕빵집 포근한 빵내음이 가득한 곳,https://blog.naver.com/uremi/223292016473,2023. 12. 14. 0:24,"소금빵, 김녕빵집, 파이"
2023,12,제주도 한경면카페 제주빵지순례 사진 찍기 좋은 대형 카페,https://blog.naver.com/dbs375/223289898654,2023. 12. 12. 3:40,"크루아상, 꽃빵"
2023,12,[강원/강릉] 강릉현지인맛집 강릉빵맛집 강릉샌드 강릉커피 강릉빵지순례 24프레임,https://blog.naver.com/yvenus/223303895992,2023. 12. 28. 21:20,"타르트, 쿠키, 고구마빵, 케이크, 맘모스빵, 마들렌, 크루아상, 퀸아망, 스콘, 소금빵, 앙버터, 감자빵"
2023,12,빵장수 단팥빵 본점 대구 빵지순례 맛집,https://blog.naver.com/lemon8363/223279765881,2023. 12. 4. 7:00,"단팥빵, 도넛"
2023,12,대전 성심당 케익부띠끄 빵지순례 대전 시내 먹거리 핫플 관광지 갈만한곳,https://blog.naver.com/whilena/223277503397,2023. 12. 5. 8:50,"타르트, 에그타르트, 케이크, 마들렌"
2023,12,제주 빵지순례 표선 빵집 순애밀제빵소,https://blog.naver.com/jhb916/223300995308,2023. 12. 23. 2:07,"제빵, 케이크"
2023,12,빵지순례 대전 대덕구빵집 착한가게 에코브레드하우스,https://blog.naver.com/kyjin1126/223285947565,2023. 12. 7. 19:27,"쿠키, 케이크, 맘모스빵, 단팥빵, 황남빵, 크루아상, 제빵, 쌀빵, 팥빵, 샌드위치, 파이, 소금빵, 제과제빵, 감자빵"
2023,12,강릉중앙시장빵집 강릉오빠에서 빵지순례 각,https://blog.naver.com/dorothy_bet/223283776798,2023. 12. 5. 17:54,
2023,12,2023 제주밭한끼 캠페인 제주도 유명빵집 빵지순례 제주 시내카페,https://blog.naver.com/mi1891/223305709650,2023. 12. 28. 16:30,"쿠키, 빵귿, 빵귿인데, 건빵, 소금빵"
2023,12,"대구 빵지순례 삼송빵집 서대구점 신상 카페, 대구 서구 카페",https://blog.naver.com/springtri/223293414952,2023. 12. 15. 11:32,
2023,12,[경주] 오디네르 | 경주 빵지순례 빵맛집 완전 추천,https://blog.naver.com/qhqoju/223286063321,2023. 12. 7. 21:36,"경주빵, 크루아상, 찐빵, 소금빵, 앙버터"
2023,12,"서울 망원동 빵집 빵지순례, 투떰즈업 +주말 웨이팅 후기",https://blog.naver.com/mandu_u/223299425329,2023. 12. 21. 14:20,"베이글, 슈톨렌"
2023,12,용인 몽뻬르베이커리 건강하고 맛있는 빵지순례 맛집 용인 데이트,https://blog.naver.com/jeons1007/223294894126,2023. 12. 16. 23:38,"크루아상, 샌드위치, 케이크"
2023,12,부산 대왕카스테라 수영역 맛집 하르당 디저트 빵지순례,https://blog.naver.com/seonmi1982/223282925402,2023. 12. 4. 21:44,붕어빵
2023,12,군산 이성당 빵지순례 단팥빵 선물포장,https://blog.naver.com/ainihs/223306500319,2023. 12. 29. 12:32,"처빵, 단팥빵"
2023,12,"여수 시내 이순신광장 맛집 빵지순례, 딸기모찌 외 4곳",https://blog.naver.com/rokavirus/223279864681,2023. 12. 1. 10:58,도넛
2023,12,"메종 드 쁘티푸르, 제주 3대 베이커리 디저트 맛집 빵지순례!",https://blog.naver.com/polipoli37/223288285245,2023. 12. 10. 15:14,"케이크, 크루아상, 소금빵, 제과제빵, 감자빵"
2023,12,2023 제주밭한끼 캠페인 제주 빵집 호텔샌드 가는곳세화 제주도 빵지순례,https://blog.naver.com/ontheroad_gh/223293813813,2023. 12. 15. 17:22,"크루아상, 빵귿, 소금빵, 타르트"
2023,12,"여수 빵지순례 & 이순신광장 먹거리 : 눈과 입이 즐거운 ""귀감""",https://blog.naver.com/35h/223285495081,2023. 12. 7. 12:01,
2023,12,"한남동 빵지순례 데이트 카페,릴리언",https://blog.naver.com/purereun_/223286392011,2023. 12. 8. 8:17,샌드위치
2023,12,광주 빵지순례 파파드림브레드 택배 빵 후기,https://blog.naver.com/bandut_/223293299227,2023. 12. 15. 9:24,"빵맛, 빵실빵실, 빵피, 빵켓팅"
2024,1,천안 빵집 뚜쥬루 빵돌가마마을 빵지순례,https://blog.naver.com/rlaalsgml357/223322427513,2024. 1. 14. 23:32,"제빵, 빵돌, 케이크"
2024,1,부천 빵집 맛집 빵지순례 필수 코스 베이커리호프,https://blog.naver.com/dmsk11/223336901326,2024. 1. 29. 10:18,"케이크, 토스트, 소금빵, 크루아상, 베이글"
2024,1,제주 함덕해수욕장 카페 오드랑베이커리 다니쉬 맛있는 빵집 빵지순례,https://blog.naver.com/qkrgkdms1993/223327802145,2024. 1. 19. 20:41,"에그타르트, 감자빵"
2024,1,여수 디저트 맛집 피타베이커스 빵지순례,https://blog.naver.com/witchmomma/223319735658,2024. 1. 11. 22:37,"샌드위치, 베이글, 소금빵, 프레첼"
2024,1,아산 신정호 신상카페 서울근교 브런치 카페 빵지순례,https://blog.naver.com/keai1016/223335074423,2024. 1. 27. 1:21,"앙버터, 토스트, 휘낭시에, 스콘"
2024,1,부산 빵지 순례 백년가게 명품빵집 1974쉐라미 빵집,https://blog.naver.com/aprilsong19/223319735845,2024. 1. 11. 22:38,"소라빵, 쿠키, 샌드위치, 슈톨렌, 소보루빵, 호밀빵, 케이크, 통팥빵, 제빵사, 공갈빵, 호빵맨, 타르트, 맘모스빵, 제빵, 밤빵, 버터빵, 앙버터, 크루아상, 빵맛"
2024,1,대구 빵지순례 내돈내산 수성못 카페 삼송1957 메뉴 동영상,https://blog.naver.com/springtri/223331339909,2024. 1. 23. 16:26,"마늘빵, 케이크, 휘낭시에, 크룽지, 샌드위치"
2024,1,2023 제주밭한끼 제주빵집 호텔샌드 빵귿 ABC에이팩토리 제주 빵지순례 추천,https://blog.naver.com/yui017/223314325462,2024. 1. 6. 16:56,"파이, 빵귿, 소금빵, 크루아상, 샌드위치, 스콘, 베이글, 에그타르트"
2024,1,"강릉 빵집 빵지순례 52블럭 ""알람 맞춰놓고 빵집 가보긴 첨이야!""",https://blog.naver.com/djkkll1233/223334285449,2024. 1. 26. 10:35,"크루아상, 샌드위치, 호밀빵, 제빵"
2024,1,"춘천 빵지순례 헬로베이크샵, 춘천빵집",https://blog.naver.com/iamsom7/223335093650,2024. 1. 27. 2:08,"까눌레, 푸딩, 크루아상, 샌드위치, 소금빵, 잠봉뵈르"
2024,1,"대전 성심당 빵지순례 작은메아리,소금크롸상 후기",https://blog.naver.com/ko_jaeeun/223314975067,2024. 1. 7. 13:45,"케이크, 단팥빵, 크루아상, 샌드위치, 빵쉬, 퀸아망, 소금빵, 잠봉뵈르"
2024,1,서울 카페 스윗라운드 수제케이크 빵지순례 맛있는 빵집,https://blog.naver.com/everlsk/223321833687,2024. 1. 14. 9:16,"베이글, 케이크"
2024,1,천안 아산 카페 신정호 브런치카페 추천 빵지순례,https://blog.naver.com/nailstan/223331811417,2024. 1. 24. 9:10,"토스트, 케이크, 휘낭시에, 크루아상, 스콘"
2024,1,"인천 빵지순례로 유명한 간석동빵집, 퐁듀베이커리",https://blog.naver.com/yuj_ins/223339775020,2024. 1. 31. 18:04,"메론빵, 샌드위치, 화이트롤, 소금빵, 제과제빵, 소보로빵"
2024,1,제주 빵지순례 대평리 박수기정 카페 돌담앤베이글,https://blog.naver.com/jhb916/223322391921,2024. 1. 14. 22:56,"돌빵, 베이글, 진빵, 빵맛"
2024,1,"애월 가볼만한곳 랜디스도넛 제주 빵지순례, 제주도 도넛",https://blog.naver.com/g0heaven/223322634546,2024. 1. 15. 8:02,"베이글, 도넛"
2024,1,금리단길 경주찰보리빵맛집 경주보리명가 황리단길간식 빵지순례,https://blog.naver.com/rokavirus/223323211669,2024. 1. 15. 17:19,"찰보리빵, 황남빵"
2024,1,인천빵집 빵지순례 필수 코스 나만 알고 싶은 송도 베이커리율교P3120,https://blog.naver.com/suemfla/223330476849,2024. 1. 22. 20:16,"밭빵, 스콘"
2024,1,대구 빵지순례 대구빵집 삼송빵집 통옥수수빵 맛있어요,https://blog.naver.com/hasarin0/223310640103,2024. 1. 2. 23:29,소금빵
2024,1,서귀포카페 제주도 서쪽 빵지순례 미쁜제과,https://blog.naver.com/osumorao/223320638499,2024. 1. 12. 19:06,소금빵
2024,1,서울 빵지순례 강남 빵집 핫코베이커리 카페 ft 딸기케이크,https://blog.naver.com/jinidag/223321746746,2024. 1. 14. 8:00,"쿠키, 고구마빵, 케이크, 소금빵, 크루아상, 팥빵, 슈톨렌, 스콘, 베이글"
2024,1,부산 빵지순례 서면빵집 니와베이커리 내돈내산,https://blog.naver.com/yui017/223325816061,2024. 1. 17. 23:47,"푸딩, 소금빵, 초코소라빵, 메론빵, 야끼소바빵, 베이글, 앙버터"
2024,1,울산 빵지순례 필수코스 '윤연당 본점' 시부카와 밤빵 존맛탱,https://blog.naver.com/sungyoojin12/223335857388,2024. 1. 28. 0:56,"크루아상, 파이, 빵빵, 밤빵"
2024,1,서울 당산 선유도 내돈내산 빵지순례 소금빵 맛집 별가루제빵소,https://blog.naver.com/thankyougoro/223340165025,2024. 1. 31. 23:59,"쿠키, 제빵, 스콘, 소금빵, 에그타르트, 감자빵"
2024,1,부산 서면빵집 희와제과 빵지순례 다녀왔어요,https://blog.naver.com/lilein/223319807881,2024. 1. 11. 23:58,"쿠키, 빵피, 케이크, 맘모스빵, 휘낭시에, 마들렌, 스콘, 베이글, 밤팥빵"
2024,1,그랜드 하얏트 서울 카페 델리 맛있는빵집 호텔 빵지순례,https://blog.naver.com/everlsk/223338030940,2024. 1. 30. 9:09,"샌드위치, 베이글, 케이크"
2024,1,안셈 : 청주 성안길 빵지순례 / 앙버터 맛집,https://blog.naver.com/jhtn38/223318020974,2024. 1. 10. 11:59,"소금빵, 샌드위치, 호밀빵, 베이글, 앙버터"
2024,1,예쁜 제주도 카페 제주 빵집 빵지순례 보래드 베이커스,https://blog.naver.com/neweunha/223340162574,2024. 1. 31. 23:58,"케이크, 크루아상, 제빵, 스콘, 소금빵, 에그타르트, 앙버터"
2024,1,신사동 빵지순례[누데이크]가로수길 카페,https://blog.naver.com/j_robe/223313543345,2024. 1. 5. 17:47,"크루아상, 쿠키, 케이크"
2024,1,여수 당일치기 코스 빵지순례 여수 키스링 딸기모찌 여수 특산품,https://blog.naver.com/msjh1012/223751641858,2024. 1. 8. 22:31,마늘빵
2024,1,여수 이순신광장 먹거리 빵지순례 갓버터도나스,https://blog.naver.com/lllpeacelll1/223329518227,2024. 1. 21. 23:27,도넛
2024,1,대전 성심당 먹거리 빵지순례 시내명소 가볼만한곳,https://blog.naver.com/davi-kim/223318461047,2024. 1. 19. 13:30,케이크
2024,1,연남동 만동제과 강릉 빵지순례 빵맛집을 서울에서!,https://blog.naver.com/wjdgus1018/223331492517,2024. 1. 23. 18:53,프레첼
2024,1,"포항 가볼만한 곳 빵지순례 빵맛집 시민제과(ft. 찹쌀떡 빵집, 주차)",https://blog.naver.com/dustndmswl/223322145060,2024. 1. 14. 17:53,"샌드위치, 공갈빵, 쿠키"
2024,1,순천빵지순례 연향동 조훈모과자점 연향점,https://blog.naver.com/7439233/223335598420,2024. 1. 27. 19:07,"마늘빵, 쿠키, 단팥빵, 파이, 약과, 스콘, 츄러스, 앙버터"
2024,2,"서울빵지순례:) 석내빵집, 쥬뗑뷔뜨, 우프, 진저베어",https://blog.naver.com/bluenote0415/223245926057,2024. 2. 11. 0:00,"샌드위치, 베이글, 피스타치오, 파이"
2024,2,키친205 함평 본점 현장구매 딸기케이크 빵지순례 내돈내산 후기,https://blog.naver.com/from____ming/223351065785,2024. 2. 12. 12:51,"타르트, 케이크"
2024,2,귀산 신상 카페 창원 빵지순례 오기 좋은 찰리의 커피공장,https://blog.naver.com/yuna_1024/223364364795,2024. 2. 25. 10:00,"케이크, 파이, 소금빵, 휘낭시에, 크루아상, 도넛, 스콘, 츄러스, 베이글, 앙버터"
2024,2,부산 광안리 빵집 서희와제과 빵지순례 1탄,https://blog.naver.com/joop336/223351092677,2024. 2. 12. 13:30,"밤팥빵, 샌드위치, 휘낭시에, 빵피"
2024,2,서울 3대크루아상 빵지순례 테디뵈르하우스 용산 카페 추천메뉴,https://blog.naver.com/rokavirus/223343790186,2024. 2. 4. 17:58,"크루아상, 샌드위치, 크룽지"
2024,2,울산 남구 빵집 빵지순례 주베이커,https://blog.naver.com/jopop7777777/223352425671,2024. 2. 13. 18:39,"타르트, 쿠키, 케이크, 소금빵, 크루아상, 샌드위치, 팥빵, 프레첼, 베이글, 제과제빵, 앙버터"
2024,2,대구 빵집 더현대대구 디저트 봉땅 대구 빵지순례,https://blog.naver.com/hanke/223357893305,2024. 2. 19. 5:47,"피스타치오, 도넛"
2024,2,일상) 2024.01 (2) 대전 빵지순례. 빵 투어,https://blog.naver.com/khfont0704/223350215335,2024. 2. 11. 9:34,"마들렌, 크루아상, 야끼소바빵, 소금빵, 잠봉뵈르"
2024,2,최고였던 광주 빵지순례,https://blog.naver.com/chrass123/223347163358,2024. 2. 19. 7:00,"크루아상, 케이크, 알빵"
2024,2,부산 빵지순례 동의대 빵집 시그니처 산딸기 바게트 브니엘 제과,https://blog.naver.com/yumi9271/223343731192,2024. 2. 4. 16:38,"쿠키, 휘낭시에, 마들렌, 화이트롤, 스콘, 에그타르트"
2024,2,강릉 빵집 인절미빵 원조 강릉빵다방 빵지순례,https://blog.naver.com/wldmssnla1/223272421378,2024. 2. 18. 7:00,"맘모스빵, 소금빵, 앙버터, 마들렌"
2024,2,빵지순례로 다녀온 사워도우 맛집 소울브레드 딸기/팥쑥/얼그레이쑥 생크치 후기와...,https://blog.naver.com/nydaily_/223341832272,2024. 2. 2. 12:08,"빵킷, 길빵"
2024,2,"900원 백한철꽈배기 미친맛, 제주도 빵지순례 추천",https://blog.naver.com/bamsirang/223368355295,2024. 2. 28. 23:41,"빵수니, 도넛, 빵피"
2024,2,제주도 카페 서귀포 오션뷰 카페 제주 빵지순례 예쁜 뷰,https://blog.naver.com/jbm993/223351589541,2024. 2. 13. 0:20,"에그타르트, 앙버터, 스콘"
2024,2,대전 성심당 본점 주차장 주말 이르게 다녀온 빵지순례 솔직 후기,https://blog.naver.com/gustjsdl8/223355360390,2024. 2. 16. 10:54,"샌드위치, 소금빵, 야끼소바빵, 호밀빵"
2024,2,부천중동 빵집맛집 빵지순례 [베이커리호프],https://blog.naver.com/sj66067/223358913666,2024. 2. 19. 23:55,"케이크, 소금빵, 샌드위치, 스콘, 베이글, 에그타르트"
2024,2,부산 빵지순례 천연발효종 덕천동 빵집 테이블,https://blog.naver.com/luckytj111/223346400820,2024. 2. 6. 22:45,"빨효빵답, 케이크, 크루아상, 샌드위치, 팥빵, 소금빵"
2024,2,강릉 빵지순례로 유명한!! :: 만동제과,https://blog.naver.com/nuegochi/223350049398,2024. 2. 11. 12:00,빵빵
2024,2,속초카페너래 디저트 빵지순례 핫플 아이와 가볼만한곳,https://blog.naver.com/davi-kim/223346193427,2024. 2. 11. 17:20,"푸딩, 소금빵, 케이크"
2024,2,부산시청빵집 구자윤베이커리 부산빵지순례하세요,https://blog.naver.com/hsjk1004/223354375215,2024. 2. 15. 13:26,"케이크, 크룽지, 제빵, 샌드위치, 도넛, 팡도르, 소금빵"
2024,2,제주공항근처카페 제주빵집 제주도빵지순례 빵귿,https://blog.naver.com/hanke/223364434135,2024. 2. 25. 11:55,"빵귿, 베이글, 소금빵, 잠봉뵈르"
2024,2,영주 빵지순례 '백년가게 태극당' 카스테라인절미 먹고 가세요!,https://blog.naver.com/yeongju_city/223363569432,2024. 2. 24. 9:28,"쿠키, 도넛"
2024,2,서울 빵지순례 잠실 롯데월드몰 런던베이글 뮤지엄 잠실 캐치테이블 예약,https://blog.naver.com/hloveh01/223345280364,2024. 2. 11. 0:10,"샌드위치, 베이글, 프레첼"
2024,2,"경주 여행 기념품 추천, 황남빵 본점 원조 경주빵 빵지순례",https://blog.naver.com/jihye0111/223342588000,2024. 2. 3. 2:20,"찰보리빵, 단팥빵, 황남빵, 경주빵, 팥빵"
2024,2,빵순이라면 제주도 빵지순례 동문시장 아베베 베이커리 도넛 핫플,https://blog.naver.com/kimsister1/223365928051,2024. 2. 29. 17:00,"빵값, 도넛"
2024,2,인천 빵지순례 핫플 영종도 자연도 소금빵 본점 후기,https://blog.naver.com/sourceyu/223348265873,2024. 2. 8. 16:06,소금빵
2024,2,부산 빵지순례 남포동 빵집 아치베이커리 영국식 디저트,https://blog.naver.com/lordlysj/223343550765,2024. 2. 4. 12:30,"타르트, 프레첼, 빵실빵, 케이크, 파이, 소금빵, 스콘, 베이글, 앙버터"
2024,2,강릉빵지순례 아이들도 어른들도 엄지척! 만동제과,https://blog.naver.com/mina0314/223342865914,2024. 2. 3. 14:05,"베이글, 떡빵"
2024,2,대전 먹거리 성심당 본점 주차장 전국3대빵집 빵지순례 가볼만한곳,https://blog.naver.com/witchmomma/223356368231,2024. 2. 17. 11:50,"맘모스빵, 단팥빵, 약과, 샌드위치, 퀸아망, 도넛, 앙버터"
2024,2,전라도 빵지순례 광주 3대 빵집 베비에르 마왕파이,https://blog.naver.com/jiny1445/223358169152,2024. 2. 19. 12:04,"쿠키, 토스트, 케이크, 단팥빵, 소금빵, 크룽지, 크루아상, 도넛, 파이, 제빵사, 베이글, 에그타르트"
2024,2,영등포 베이커리 카페 '오월의 종' 빵지순례 다녀왔어,https://blog.naver.com/olliekim/223360714835,2024. 2. 21. 15:38,"호밀빵, 빵빵"
2024,2,대전 빵지순례 도안동 빵집 싶빵공장 빠질 수 없지,https://blog.naver.com/byuli55/223344901213,2024. 2. 5. 17:20,"크루아상, 소금빵"
2024,2,제주도 빵지순례 서귀포 가볼만한곳 백한철 꽈배기&식빵,https://blog.naver.com/barbieone/223352260009,2024. 2. 13. 16:18,도넛
2024,2,속초 카페 거리 빵지순례 오션뷰 바다카페 바다정원 고성카페,https://blog.naver.com/nailstan/223341317708,2024. 2. 1. 22:41,"까눌레, 쿠키, 케이크, 파이"
2024,2,[빵지순례]서울특별시 성북구 동선동 슬로우 브레드 파파,https://blog.naver.com/ooyyrr1004/223368230272,2024. 2. 28. 21:30,"마늘빵, 쿠키, 토스트, 크루아상, 제빵, 빵비, 빵맛, 스콘, 소금빵"
2024,3,대구 소금빵 맛집 빵지순례 꼭 해야 할 앞산 카페 브리에브레드,https://blog.naver.com/11adorable/223374460995,2024. 3. 6. 2:22,"베이글, 소금빵"
2024,3,망원동 맘모스빵 빵지순례 - 어글리베이커리,https://blog.naver.com/kim2ee_/223401494480,2024. 3. 31. 23:58,"쿠키, 맘모스빵, 파이, 피스타치오, 프레첼, 베이글, 앙버터"
2024,3,부천 상동 빵집 카스테라맛집 명인빵지순례 1984 단팥빵 육쪽마늘빵,https://blog.naver.com/onlyucake/223400773209,2024. 3. 31. 7:20,"마늘빵, 쿠키, 단팥빵, 크루아상, 약과, 샌드위치, 스콘, 소금빵, 제과제빵"
2024,3,수원 빵지순례 가볼만한곳 이학순베이커리,https://blog.naver.com/youliyan/223383530062,2024. 3. 14. 19:23,"샌드위치, 단팥빵, 케이크"
2024,3,부산 빵지순례 핫플 데이트 갈곳 부산역 근처 디저트 빵집 베이크백,https://blog.naver.com/messier1212/223373044579,2024. 3. 5. 8:30,호빵
2024,3,수원 정자동 빵집 빵지순례 맛집 몽뻬르베이커리,https://blog.naver.com/soothole/223388768527,2024. 3. 20. 7:21,"쿠키, 케이크, 바나나빵, 빵리가즘, 소금빵, 빵답, 마들렌, 빵럽님들, 도넛, 베이글"
2024,3,용리단길카페 빵지순례 필수코스 프레즐맛집 브레디포스트 웨이팅후기,https://blog.naver.com/doughnutzz/223381521397,2024. 3. 12. 23:32,"샌드위치, 케이크, 프레첼"
2024,3,강릉 카페 추천 강릉 강문해변 오션뷰 카페 346 커피스토리 빵지순례!,https://blog.naver.com/hanjun66/223367785214,2024. 3. 1. 11:58,케이크
2024,3,제주 빵집 제주도민 타르트 맛집 베이커리온유 빵지순례 후기,https://blog.naver.com/nicaxnica/223385355231,2024. 3. 17. 8:40,"쿠키, 타르트, 도넛, 케이크"
2024,3,춘천카페가볼만한곳 자유빵집 앙버터&대파빵 내돈내산 빵지순례,https://blog.naver.com/ad_yu2016/223372401274,2024. 3. 4. 10:51,"타르트, 빵값, 제빵, 프레첼, 잠봉뵈르, 앙버터"
2024,3,서귀포 브런치 카페 제주도 보래드베이커스 빵지순례,https://blog.naver.com/bom25bom/223400874612,2024. 3. 31. 11:01,"케이크, 크루아상, 스콘, 소금빵, 에그타르트, 앙버터"
2024,3,서울 빵지순례 강남 조용한 카페 달링 베이커리,https://blog.naver.com/kongmistar/223396102985,2024. 3. 26. 18:35,"케이크, 마들렌, 샌드위치, 도넛, 소금빵, 앙버터"
2024,3,수원 빵지순례 하얀풍차제과점 망포역점 화이트롤 솔직후기,https://blog.naver.com/jejuna17/223384296199,2024. 3. 15. 14:05,"샌드위치, 쿠키, 화이트롤"
2024,3,서울 빵지순례 김영모과자점 서초동성당점 내돈내산 구매후기,https://blog.naver.com/junjin63/223377072514,2024. 3. 8. 13:17,"케이크, 휘낭시에, 마들렌, 베이글, 에그타르트, 앙버터"
2024,3,대구 먹거리 전국 5대 빵지순례 삼송빵집 본점 통옥수수빵 추천,https://blog.naver.com/witchmomma/223370762125,2024. 3. 2. 12:34,"맘모스빵, 단팥빵, 메론빵, 팥빵, 소금빵"
2024,3,"부천 상동역빵집 ""명인빵지순례 1984 상동점""",https://blog.naver.com/biyak/223396376833,2024. 3. 26. 23:38,"샌드위치, 휘낭시에"
2024,3,[도안 빵집] 대전 빵지순례 싶빵공장 도안본점,https://blog.naver.com/cyj2893/223376586152,2024. 3. 7. 23:19,"크룽지, 크루아상, 퀸아망, 파이, 소금빵, 앙버터"
2024,3,뚜쥬루 돌가마점 빵돌가마마을 천안 빵지순례 베이커리 빵집 추천,https://blog.naver.com/huniiyurii/223384887546,2024. 3. 16. 0:42,"빵돌, 제과제빵, 케이크, 제빵사"
2024,3,"서울빵지순례 빵 맛집, 효창공원 우스블랑 ours blanc",https://blog.naver.com/shootar/223390619062,2024. 3. 21. 13:23,"크루아상, 파이, 케이크, 마들렌"
2024,3,부천중동빵집 베이커리호프 이번모임 빵지순례장소,https://blog.naver.com/qhanfdbfla/223400641155,2024. 3. 31. 0:43,"케이크, 크루아상, 스콘, 제빵사, 베이글"
2024,3,"[ 르봉뺑 ] 토요일은 밥이 좋아 가평빵집, 빵지순례 가평카페",https://blog.naver.com/barishwa/223392641118,2024. 3. 23. 10:28,"소금빵, 에그타르트"
2024,3,제주 빵지순례 제주도빵집 레이어스베이크하우스,https://blog.naver.com/jhb916/223381617236,2024. 3. 13. 1:51,"제빵, 에그타르트, 퀸아망"
2024,3,제주도 빵집 빵지순례 제주 카페 델문도 구좌 김녕점,https://blog.naver.com/hp0210/223383692763,2024. 3. 14. 23:00,"쿠키, 빵맛"
2024,3,대전 성심당 본점 빵 추천 빵지순례 대전 가볼만한곳 먹거리 핫플,https://blog.naver.com/msjh1012/223389793206,2024. 3. 25. 0:26,"케이크, 단팥빵, 크루아상, 약과, 샌드위치, 야끼소바빵"
2024,3,대전 성심당 본점 주차장 빵지순례 메뉴 추천 영업시간,https://blog.naver.com/luvxox/223397504374,2024. 3. 28. 17:40,"단팥빵, 크루아상, 약과, 야끼소바빵, 도넛, 소금빵, 소보로빵"
2024,3,대전 성심당 DCC점 주차 빵종류 빵지순례 갈만한곳,https://blog.naver.com/by-habit/223384445897,2024. 3. 15. 16:20,"샌드위치, 케이크"
2024,3,부산빵지순례 덕천 테이블 소화가 잘 되는 건강한 빵,https://blog.naver.com/heyrimi_love/223371729789,2024. 3. 3. 16:53,"샌드위치, 소금빵"
2024,3,대구 빵지 순례 수성구 브런치 라부아뜨엘,https://blog.naver.com/jar666666/223379495764,2024. 3. 11. 8:50,"케이크, 소금빵, 샌드위치, 베이글, 잠봉뵈르"
2024,3,여수 빵지순례 갓이 들어간 빵이라고? 갓버터도나스,https://blog.naver.com/young9178/223383176657,2024. 3. 14. 15:00,
2024,3,대전여행 내돈내산 빵지순례 휘낭시에 에그타르트 맛집 정동문화사,https://blog.naver.com/thankyougoro/223374346655,2024. 3. 5. 23:35,"까눌레, 타르트, 푸딩, 휘낭시에, 에그타르트"
2024,3,전라도 광주 여행 전국 5대 빵집 궁전제과 빵지순례,https://blog.naver.com/ttpttl2002/223387623786,2024. 3. 18. 22:30,"쿠키, 케이크, 파이"
2024,3,"[제주/서귀포빵집] 유기농밀가루로 만든 빵, 제주빵지순례 호도제과",https://blog.naver.com/uthinkbig/223398603434,2024. 3. 28. 22:10,"빵쟁이, 감자빵"
2024,3,광주 빵집 빵지순례 전국5대빵집 궁전제과 본점,https://blog.naver.com/amyangela/223393582393,2024. 3. 24. 14:44,"소금빵, 도넛, 소보루빵, 알빵"
2024,3,서울 빵지순례 동대문역사문화공원역 카페 와글와글베이크샵 데이트,https://blog.naver.com/nana_80/223393849512,2024. 3. 24. 20:51,"푸딩, 소금빵, 마들렌, 크루아상, 팡도르, 베이글, 잠봉뵈르"
2024,3,부산빵지순례 부암동베이커리 라이스베이커리&카페순쌀빵,https://blog.naver.com/jiman9227/223369839156,2024. 3. 1. 10:30,"크루아상, 샌드위치, 쌀빵, 케이크"
2024,4,인천빵지순례 송도핫플 베이커리율교P3120,https://blog.naver.com/hyodot/223401780507,2024. 4. 1. 9:36,
2024,4,제주서쪽가볼만한곳 서귀포카페 추천 한옥카페 빵지순례 미쁜제과,https://blog.naver.com/hanke/223428731857,2024. 4. 27. 9:55,"마늘빵, 타르트, 케이크, 마들렌, 쁜빵, 소금빵"
2024,4,인천 빵지순례 핫플 송도 센트럴파크카페 베이커리율교P3120,https://blog.naver.com/youliyan/223401764909,2024. 4. 1. 9:18,"빵맛, 빵죽"
2024,4,연남동 카페 브레디포스트 프레즐이 핫한 서울 빵지순례,https://blog.naver.com/2ski2/223418358804,2024. 4. 17. 15:14,"푸딩, 샌드위치, 프레첼"
2024,4,"대구 빵지순례: 프롭, 파네토네, 밀밭, 빵장수꽈배기",https://blog.naver.com/sara0205/223409581159,2024. 4. 8. 18:57,"파네토네, 야끼소바빵, 케이크, 메론빵"
2024,4,제주 빵지순례 제주 탑동 카페 북성로42,https://blog.naver.com/yumi9271/223430102851,2024. 4. 28. 23:48,에그타르트
2024,4,그랜드조선부산 호텔 빵집 빵지순례 부산여행 명소,https://blog.naver.com/dlditgh999/223421883546,2024. 4. 20. 23:10,케이크
2024,4,성심당 케익부띠끄 망고시루 가격 구입 예약 X 대전 빵지순례 추천,https://blog.naver.com/ttltjsdla/223424070712,2024. 4. 23. 10:50,케이크
2024,4,용리단길카페 프레즐 맛집 브레디포스트 빵지순례,https://blog.naver.com/sailorsaturn/223431247296,2024. 4. 29. 23:13,"잠봉뵈르, 프레첼"
2024,4,"서울 핫플 줄서는식당2 재동 요거트빵집 도토리가든 마들렌, 서울 빵지순례!",https://blog.naver.com/kyoonsun7/223431283858,2024. 4. 29. 23:50,"까눌레, 쿠키, 피스타치오, 마들렌, 샌드위치, 소금빵, 앙버터"
2024,4,서울여행4) 서울빵집투어 빵지순례 장충동카페 태극당 모나카,https://blog.naver.com/veni_vidivixi/223399292920,2024. 4. 1. 11:00,"쿠키, 케이크, 단팥빵, 메론빵, 팥빵, 빵맛"
2024,4,대전 명소 성심당 대전역점 전국 3대 5대 빵집 여행 빵지순례 가볼만한곳,https://blog.naver.com/whilena/223399764834,2024. 4. 12. 8:50,마들렌
2024,4,울산 화이트리에 식빵 버터 풍미 먹거리 빵지순례,https://blog.naver.com/0watergirl0/223429248004,2024. 4. 27. 22:56,토스트
2024,4,속초 관광수산시장 중앙시장 먹거리 만석닭강정 빵집 빵지순례,https://blog.naver.com/ttpttl2002/223412802031,2024. 4. 11. 22:23,"마늘빵, 술빵"
2024,4,"제주공항 근처 카페 북성로42 베이커리, 제주 빵지순례!",https://blog.naver.com/hyunjin0427/223428744189,2024. 4. 27. 10:16,"빵류, 제빵, 프레첼, 호밀빵, 에그타르트"
2024,4,구례빵지순례 목월빵집 카페 웨이팅있음,https://blog.naver.com/rayam/223418186172,2024. 4. 17. 12:42,"호밀빵, 버터빵, 앙버터"
2024,4,제주 빵집 제주도 시내 공항근처 주차장 있는 빵집 빵지순례,https://blog.naver.com/young9178/223427627056,2024. 4. 26. 8:40,"쿠키, 맘모스빵, 소금빵, 타르트"
2024,4,부산 전포카페거리 빵지순례 오븐의온도,https://blog.naver.com/oytosk/223425120835,2024. 4. 23. 23:42,"쿠키, 케이크, 푸딩, 휘낭시에, 베이글"
2024,4,울산 빵지순례 솔트밀 밤팥빵 소금빵 구움과자 휘낭시에,https://blog.naver.com/ssuujin/223416667851,2024. 4. 15. 23:32,"케이크, 단팥빵, 휘낭시에, 팥빵, 소금빵, 밤팥빵"
2024,4,부산 빵지순례 토북베이커리_한옥 카페 소금빵 맛집!,https://blog.naver.com/jjungee__/223414130952,2024. 4. 13. 9:08,"케이크, 샌드위치, 소금빵, 에그타르트, 잠봉뵈르"
2024,4,"[2024 천안베리베이빵빵데이] 빵지순례단 감성빵집, 할머니학화호두과자본점 순례길",https://blog.naver.com/springmay0129/223429697727,2024. 4. 28. 15:06,"샌드위치, 빵빵, 앙버터, 스콘"
2024,4,대전 성심당 전국 3대 빵집 빵지순례 본점 망고시루 딸기시루 빵 추천,https://blog.naver.com/ay5870/223427400083,2024. 4. 25. 23:45,"맘모스빵, 샌드위치, 파이, 찐빵, 소금빵, 앙버터"
2024,4,이성당 추천빵 : 롯데백화점 동탄점 빵지순례,https://blog.naver.com/merryhunter/223420000552,2024. 4. 18. 23:45,"맘모스빵, 단팥빵, 빵답, 샌드위치, 도넛, 스콘, 소금빵, 알빵"
2024,4,"부산빵지순례 필수코스 맛집, 부산역빵집 - 빅토리아베이커리가든 캐슬점",https://blog.naver.com/heejunrice/223403777816,2024. 4. 2. 22:35,"샌드위치, 베이글, 소금빵, 케이크"
2024,4,교토 빵지순례 소금빵 맛집 그란디루 오이케점,https://blog.naver.com/cheeezz_/223415383448,2024. 4. 14. 21:35,"까눌레, 소금빵, 술빵, 베이글, 앙버터"
2024,4,(강릉맛집) 강릉 빵지순례 '만동제과' 본점,https://blog.naver.com/tlsduswjd88/223429673010,2024. 4. 28. 14:30,"마늘빵, 베이글, 고구마빵"
2024,4,"가성비 좋은 제주 성산 빵집 보룡제과, 제주빵지순례 추천",https://blog.naver.com/nardyzone/223421618571,2024. 4. 20. 16:58,"마늘빵, 베이글, 소금빵"
2024,4,대전 빵지순례 도안동 싶빵공장 밤식빵 크루아상 추천,https://blog.naver.com/kwija99/223407829417,2024. 4. 6. 21:55,"크루아상, 앙버터, 소금빵, 퀸아망"
2024,4,[부산 수정동] 부산빵지순례 페스츄리 전문 카이막맛집 :: 마켓크라샵,https://blog.naver.com/philnami/223430829790,2024. 4. 29. 16:29,"크루아상, 소금빵, 크룽지"
2024,4,부산 빵지순례 해운대 해리단길 디저트 맛집 빠따슈 후기,https://blog.naver.com/barbieone/223404703912,2024. 4. 3. 18:40,"푸딩, 케이크, 피스타치오, 휘낭시에"
2024,4,서면 전포동 빵지순례 희와제과,https://blog.naver.com/oytosk/223402669367,2024. 4. 1. 23:06,"케이크, 빵류, 맘모스빵, 쑥빵, 휘낭시에, 마들렌, 스콘"
2024,4,부산 기장 카페 추천 부산바다 전망 빵지순례 핫플 CAFEBASE,https://blog.naver.com/tjdrud34/223414711379,2024. 4. 13. 23:51,프레첼
2024,4,부산빵지순례 빅토리아베이커리가든 캐슬점 후기,https://blog.naver.com/unmiso03/223409703473,2024. 4. 8. 21:15,"케이크, 단팥빵, 소금빵, 크루아상, 초량빵집, 쌀빵, 파이, 베이글"
2024,4,장흥 빵지순례 베이커리 카페 <장흥 빵명장>,https://blog.naver.com/jh_tour/223413516480,2024. 4. 12. 15:55,"마늘빵, 케이크, 소금빵, 크루아상, 스콘, 팡도르, 베이글, 제과제빵"
2024,4,대전 빵집 추천 도안동 싶빵공장 소금빵 앙버터 크루아상 빵지순례,https://blog.naver.com/ahnsophia/223413896413,2024. 4. 12. 22:58,"크루아상, 샌드위치, 빵맛, 소금빵, 앙버터"
2024,5,천안 뚜쥬루 거북이빵 뚜쥬르 빵지순례 여행 코스 빵 추천,https://blog.naver.com/77rb2/223446892800,2024. 5. 14. 22:12,"까눌레, 쿠키, 케이크, 깨찰빵, 마들렌, 크루아상, 샌드위치, 팥빵, 도넛, 파이"
2024,5,잠실 송리단길 카페 오쿠쿠베이커리 빵지순례 하기 좋은 곳,https://blog.naver.com/loveyou12/223462150395,2024. 5. 29. 12:30,"크루아상, 샌드위치"
2024,5,서울 핫플 런던베이글 뮤지엄 잠실 추천메뉴 웨이팅 빵지순례,https://blog.naver.com/0watergirl0/223451002396,2024. 5. 18. 23:39,"샌드위치, 베이글, 잠봉뵈르"
2024,5,"대구 수성구 라부아뜨엘 베이커리 빵지순례 맛집! 소금빵, 베이글, 쌀바게트 추천",https://blog.naver.com/sandy792/223459154357,2024. 5. 26. 21:25,"소금빵, 마들렌, 샌드위치, 도넛, 베이글, 제과제빵, 잠봉뵈르"
2024,5,여수 빵지순례 염전의봄 소금빵 맛있네,https://blog.naver.com/webtint/223444236080,2024. 5. 12. 15:47,소금빵
2024,5,제주도 아이와 가볼만한곳 제주 동쪽 빵지순례 제주도 서귀포 카페,https://blog.naver.com/keai1016/223460579542,2024. 5. 28. 1:06,"단팥빵, 베이글, 잠봉뵈르"
2024,5,부산 빵지순례 빵집 명륜동 쿠루미 과자점 백빙수 쿠루미모찌 맛 리뷰,https://blog.naver.com/so_rrel/223460224219,2024. 5. 27. 18:47,"까눌레, 야키소바빵, 쿠키, 소라빵, 푸딩, 마들렌, 샌드위치, 잠봉뵈르"
2024,5,아베베 베이커리 제주 동문시장 제주도 크림빵 빵지순례 왜?,https://blog.naver.com/jitaizzang/223438692694,2024. 5. 7. 11:02,"왕밤빵, 단팥빵, 소금빵, 도넛"
2024,5,서울 빵지순례 맛집 쟝블랑제리 이수직영점 맘모스빵 웨이팅 구매후기,https://blog.naver.com/junjin63/223447804266,2024. 5. 15. 22:23,"맘모스빵, 단팥빵, 케이크, 소보루빵"
2024,5,부산 빵지순례/ 연산동 디저트시네마(주말 웨이팅 1시간),https://blog.naver.com/rolo_ggo/223433736981,2024. 5. 2. 9:51,"크루아상, 퀸아망, 파이"
2024,5,강릉 빵지순례 베이커리 핫플레이스 만동제과 포장,https://blog.naver.com/50mmcap/223437909136,2024. 5. 10. 9:00,베이글
2024,5,일본 도쿄 팡메종 소금빵 메뉴 가격 긴자 맛집 빵지순례,https://blog.naver.com/jyo5453/223448428011,2024. 5. 16. 14:00,"샌드위치, 소금빵, 앙버터, 메론빵"
2024,5,서울 빵지순례 초이고야 서울대입구 베이커리 카페,https://blog.naver.com/grb_080913/223448903292,2024. 5. 18. 11:00,"크루아상, 샌드위치, 프레첼, 소금빵, 잠봉뵈르, 앙버터"
2024,5,빵지순례 성심당 대전역점 웨이팅 TIP 튀김소보로가 근본이다,https://blog.naver.com/nasuny1120/223453442157,2024. 5. 21. 11:34,"마늘빵, 빵쟁이, 토스트"
2024,5,용산 테디뵈르하우스 빵지순례 크로와상 굿,https://blog.naver.com/dung84/223449841119,2024. 5. 17. 17:13,"푸딩, 크루아상"
2024,5,대구 빵지순례 여행 필수 코스 라부아뜨엘,https://blog.naver.com/lemon8363/223448124444,2024. 5. 16. 12:10,"케이크, 소금빵, 크루아상, 샌드위치, 베이글, 앙버터"
2024,5,여수 빵지순례 교황빵 에그타르트 키스링 해양공원 먹거리 후기,https://blog.naver.com/qkrdbwjd0302/223434541261,2024. 5. 3. 0:10,에그타르트
2024,5,강릉 빵지순례 필수 코스 만동제과 후기,https://blog.naver.com/summr1213/223437025087,2024. 5. 14. 9:00,"베이글, 고구마빵"
2024,5,여수 딸기모찌 삼합당 카페 먹거리 여수 빵지순례,https://blog.naver.com/hloveh01/223450996505,2024. 5. 19. 0:19,"합빵, 단팥빵"
2024,5,단팥빵 맛집 광명 주재근베이커리 빵지순례,https://blog.naver.com/oisuloi/223444855961,2024. 5. 13. 8:37,"통팥빵, 단팥빵, 소금빵, 케이크"
2024,5,강원도 강릉가볼만한곳 테라로사 커피공장 본점 강릉 카페 빵집 빵지순례 데이트,https://blog.naver.com/suntill0210/223437396104,2024. 5. 5. 23:31,"까눌레, 크루아상, 마들렌"
2024,5,춘천 빵지순례 자유빵집 베이커리 카페 빵 나오는 시간,https://blog.naver.com/stkim8366/223446543893,2024. 5. 22. 7:00,"쿠키, 케이크, 소금빵, 잠봉뵈르, 앙버터"
2024,5,부산 빵지순례 빵집 카페호밀 격이 다른 인생 소금빵,https://blog.naver.com/torycco/223462869188,2024. 5. 29. 23:59,"케이크, 호밀빵, 소금빵, 잠봉뵈르, 앙버터"
2024,5,경주 황리단길 먹거리 간식 소하염전 경주 빵지순례,https://blog.naver.com/anndam/223445869219,2024. 5. 14. 0:28,"소금빵, 경주빵"
2024,5,광안리빵지순례 바닷마을과자점,https://blog.naver.com/oytosk/223442955868,2024. 5. 10. 23:19,"까눌레, 리빵, 쿠키, 타르트, 휘낭시에, 파이"
2024,5,빵지순례 경북 영주 베이커리 맛집 태극당 카스테라 인절미,https://blog.naver.com/yue727/223442376485,2024. 5. 10. 13:25,"금빵, 타르트, 맘모스빵, 파이, 소금빵, 크루아상, 소보로빵, 팥빵, 도넛, 스콘, 베이글, 에그타르트, 앙버터"
2024,5,대전 빵맛집 빵지순례 연선흠베이커리,https://blog.naver.com/dawoon_15/223435185750,2024. 5. 3. 13:49,"화이트롤, 스콘"
2024,5,잠실 롯데월드몰 런던베이글뮤지엄 웨이팅 예약 서울 놀곳 빵지순례 갈만한곳,https://blog.naver.com/whilena/223429223273,2024. 5. 21. 8:50,"샌드위치, 베이글, 프레첼"
2024,5,군산여행 코스 군산 이성당 주차 빵지순례 추천 단팥빵 야채빵,https://blog.naver.com/lsh5755/223432779760,2024. 5. 1. 11:17,"맘모스빵, 단팥빵, 케이크"
2024,5,여수 맛있는 빵집 이순신광장 베이글 카페 피타베이커스 빵지순례,https://blog.naver.com/qkrdbwjd0302/223439237526,2024. 5. 8. 0:10,"샌드위치, 베이글, 소금빵, 빵맛"
2024,5,부산 빵지순례 백년가게 수영역 빵집 뚜쥬루,https://blog.naver.com/rano_0114/223456951917,2024. 5. 27. 10:00,"타르트, 케이크, 빵값, 메론빵, 제빵, 도넛, 파이"
2024,5,대구빵지순례 빵집 천연발효빵 다양한 봄팡,https://blog.naver.com/lovely80popo/223464064298,2024. 5. 31. 7:00,"타르트, 프레첼, 쿠키, 케이크, 단팥빵, 마들렌, 크루아상, 경주빵, 계란빵, 팥빵, 소보루빵, 스콘, 소금빵, 에그타르트, 앙버터"
2024,5,"수원 빵 맛집 빵지순례 카페 추천, 홍종흔베이커리 광교엘포트",https://blog.naver.com/haeyoungdbs/223451471710,2024. 5. 19. 15:55,"쿠키, 베이글, 소금빵, 케이크"
2024,5,강릉 카페 오션뷰 데이트 코스 추천 강문해변 핫플 빵지순례 빵집,https://blog.naver.com/rafiuta/223450989510,2024. 5. 19. 1:00,"케이크, 타르트, 앙버터, 메론빵"
2024,5,여수 빵지순례 피타베이커스 카페 이순신광장 먹거리 맛있는 빵집,https://blog.naver.com/satang_two/223456136707,2024. 5. 23. 17:45,"샌드위치, 베이글, 소금빵"
2024,6,빵지순례 필수코스 제주 백한철꽈배기와 하마보,https://blog.naver.com/hyo761/223492044204,2024. 6. 26. 15:40,"찐빵, 도넛, 앙버터"
2024,6,"제주 빵지순례, 서귀포 빵집 아왜낭목제빵소(소금빵, 초코초코빵 진짜 최고인데...",https://blog.naver.com/jiae6174/223470961273,2024. 6. 6. 16:24,"크루아상, 소금빵, 제빵, 앙버터"
2024,6,제주도 빵 맛집 : 아침마당 꽈배기 제주 빵지순례 백한철 꽈배기,https://blog.naver.com/unique1028/223470296679,2024. 6. 5. 20:49,"쿠키, 제빵, 도넛, 빵안, 츄러스"
2024,6,강릉 빵지순례 필수 코스 도넛인사이드도넛 수제 디저트 빵집 방문 후기,https://blog.naver.com/shlee9108/223486164966,2024. 6. 20. 23:42,"단팥빵, 도넛, 빵빵"
2024,6,속초 영랑호 범바위 속초 빵집 빵지순례,https://blog.naver.com/kji206/223473172845,2024. 6. 9. 0:10,"맘모스빵, 빵맛, 제빵사"
2024,6,가평 카페 빵지순례 갈만한곳 가평먹거리 르봉뺑,https://blog.naver.com/rokavirus/223483999620,2024. 6. 19. 5:44,"쿠키, 케이크"
2024,6,루엘드파리 서울 서초 빵지순례 재방문의사1000%,https://blog.naver.com/all_office/223482883629,2024. 6. 18. 8:17,"빵배, 빵류, 깜바뉴빵, 빵값, 크루아상, 샌드위치, 파이, 소금빵, 앙버터"
2024,6,대전 성심당 빵지순례 대전 가볼만한곳,https://blog.naver.com/hanke/223465224477,2024. 6. 1. 1:03,"케이크, 단팥빵, 마들렌, 약과, 야끼소바빵"
2024,6,일본 후쿠오카 빵지순례 하카타역 한큐백화점 빵집 디저트 탐방,https://blog.naver.com/skawjddl23/223488364964,2024. 6. 23. 11:22,"쿠키, 케이크, 푸딩, 풀빵, 크루아상, 샌드위치, 멜론빵, 스콘, 소금빵, 제과제빵, 앙버터"
2024,6,백현동 카페거리 소금빵 맛집 키로베이커리 빵지순례,https://blog.naver.com/vanillary88/223474790890,2024. 6. 10. 16:11,"푸딩, 길빵, 샌드위치, 스콘, 소금빵, 앙버터"
2024,6,수원 가볼만한곳 핫플 놀거리 빵지순례 수원 스타필드 런던베이글뮤지엄 메뉴 추천,https://blog.naver.com/parangusl_/223474498298,2024. 6. 10. 11:53,"베이글, 소금빵, 앙버터, 프레첼"
2024,6,제주도민 맛집 제주 빵지순례 빵집 여행중 맛집 베이커리온유,https://blog.naver.com/ahnsophia/223471759060,2024. 6. 7. 12:30,"빵배, 타르트, 고구마빵, 케이크, 맘모스빵, 휘낭시에, 샌드위치, 빵맛, 소금빵"
2024,6,테디뵈르하우스 더현대 서울빵지순례 크루아상 맛집 추천,https://blog.naver.com/mee1202/223488934057,2024. 6. 24. 0:17,"타르트, 푸딩, 피스타치오, 휘낭시에, 크룽지, 크루아상, 퀸아망, 도넛, 에그타르트"
2024,6,강릉 강문해변 베이커리 카페 롱블랙 오션뷰 빵지순례,https://blog.naver.com/live_in_clov/223484104462,2024. 6. 19. 9:06,"파네토네, 제과제빵, 파이"
2024,6,천안 아이랑 가볼만한곳 빵지순례 뚜쥬루 빵돌가마마을,https://blog.naver.com/ohy880517/223491110635,2024. 6. 25. 19:45,"푸딩, 쿠키, 케이크, 마들렌"
2024,6,"빵지순례와 성심당, 빵의 도시 대전",https://blog.naver.com/jeongld/223472314222,2024. 6. 7. 21:48,"맘모스빵, 케이크, 술빵"
2024,6,목포 빵집 CLB 씨엘비 베이커리 & 코롬방제과 빵지순례 먹거리,https://blog.naver.com/shootar/223471852059,2024. 6. 7. 14:00,"까눌레, 쿠키, 타르트, 개성주악, 직빵, 빵류, 크루아상, 약과, 소금빵, 버터빵, 앙버터"
2024,6,만동제과 :: 성수동 빵지순례 코스로 꼽히는 성수빵집,https://blog.naver.com/fnvidir/223466951161,2024. 6. 3. 0:51,베이글
2024,6,수원 빵집 하얀풍차 제과점 수원여행에서 빵지순례 화이트롤품절,https://blog.naver.com/o__onica/223471211606,2024. 6. 12. 6:00,"토스트, 빵류, 파이, 샌드위치, 화이트롤, 스콘, 베이글"
2024,6,여수 빵지순례 이순신광장 맛집 먹거리 디저트,https://blog.naver.com/sodudl109/223473846230,2024. 6. 9. 19:03,"소금빵, 도넛"
2024,6,강릉 강문해변 카페 오션뷰 롱블랙 빵지순례 추천,https://blog.naver.com/zzanguna/223473822418,2024. 6. 9. 18:29,"타르트, 케이크, 크루아상, 파이, 소금빵, 제과제빵"
2024,6,수원빵지순례 | 권선동카페 | 하얀풍차제과점 곡반점,https://blog.naver.com/road222/223489741735,2024. 6. 24. 17:45,"마늘빵, 겉빵, 밤빵, 쿠키, 토스트, 푸딩, 샌드위치, 쌀빵, 화이트롤, 빵맛, 도넛, 스콘, 베이글, 에그타르트"
2024,6,빵지순례 대전 성심당 DCC점 주차 튀김소보로 야채고로케,https://blog.naver.com/travelgeo/223486655458,2024. 6. 21. 13:04,"맘모스빵, 도넛"
2024,6,대전역 주말여행 성심당 본점 빵지순례 가볼 만한 곳,https://blog.naver.com/dorothy_bet/223496593581,2024. 6. 30. 21:52,곰보빵
2024,6,제주 빵지순례 성산 빵집 보룡제과,https://blog.naver.com/miyoun92/223479005884,2024. 6. 14. 9:25,베이글
2024,6,천안 데이트코스 뚜쥬르 빵지순례 뚜쥬루 돌가마점,https://blog.naver.com/amyangela/223489570857,2024. 6. 24. 15:33,"쿠키, 고구마빵, 케이크, 빵돌, 마들렌, 퀸아망, 파이, 소금빵, 에그타르트"
2024,6,"제주당베이커리카페 제주도 새별오름근처 빵지순례, 빵나오는 시간 맞춰 방문한 후기",https://blog.naver.com/anjung55/223493757152,2024. 6. 28. 0:43,"크루아상, 샌드위치, 소금빵, 감자빵"
2024,6,제주 빵지순례 런던베이글뮤지엄 웨이팅 시간 주차 제주도 구좌읍 카페,https://blog.naver.com/1ove_honesty/223488811859,2024. 6. 23. 22:04,베이글
2024,6,부산 베이커리 빵지순례 필수 코스 덕천동 빵집 테이블,https://blog.naver.com/eksql0826/223478837798,2024. 6. 14. 2:42,"휘낭시에, 크루아상, 샌드위치, 소금빵, 잠봉뵈르"
2024,6,경기도 시흥 여행 오이도 명물 등대빵 빵지순례,https://blog.naver.com/pcn1970/223488444336,2024. 6. 23. 13:29,
2024,6,강릉 빵집 빵지순례 베이커리 가루: 강원/강릉시,https://blog.naver.com/baaaba/223472625709,2024. 6. 8. 9:15,"빵킷, 쿠키, 토스트, 샌드위치, 소금빵, 베이글, 케이크, 단팥빵, 마들렌, 파이, 스콘, 츄러스, 에그타르트, 맘모스빵, 휘낭시에, 도넛, 크루아상, 찰빵, 감자빵"
2024,6,성수 빵지순례 코그 성수동 갈비골목 신상 맛집,https://blog.naver.com/nayhs/223490167415,2024. 6. 25. 0:22,"탕종빵, 맘모스빵, 쿠키, 앙버터"
2024,6,인천 맛집 빵지순례 송도 베이커리율교P3120 지갑열림,https://blog.naver.com/hrsk0812/223482077176,2024. 6. 17. 14:47,율교빵
2024,6,대전역 성심당 전국3대빵집 빵지순례 여행 먹거리 추천,https://blog.naver.com/witchmomma/223472987964,2024. 6. 8. 17:50,"쿠키, 파이, 마들렌, 크루아상, 스콘, 소금빵"
2024,6,제주 빵지순례 가성비 빵집 '제일 성심당' 빵추천,https://blog.naver.com/eu_hj/223475071928,2024. 6. 10. 20:40,"스콘, 타르트, 맘모스빵, 도넛, 파이, 찐빵, 소금빵"
2024,7,런던베이글뮤지엄안국웨이팅 평일 포장 캐치테이블 서울 빵지순례,https://blog.naver.com/77rb2/223507959346,2024. 7. 10. 14:48,"샌드위치, 베이글, 잠봉뵈르"
2024,7,광안리 카페 하우스멜 소금빵이 대박인 부산 빵지순례,https://blog.naver.com/2ski2/223518045003,2024. 7. 19. 10:58,"소금빵, 앙버터"
2024,7,대전 성심당 본점 망고시루 케이크 빵지순례,https://blog.naver.com/bom25bom/223520239748,2024. 7. 22. 0:10,"소금빵, 타르트, 케이크, 마들렌"
2024,7,"인천빵지순례 • 청라 빵집 킴앤콩쓰 소금빵,맘모스빵 추천!",https://blog.naver.com/baaaba/223514269050,2024. 7. 16. 9:02,"쿠키, 크루키, 개성주악, 맘모스빵, 피스타치오, 맛빵, 마들렌, 약과, 샌드위치, 팥빵, 빵맛, 프레첼, 스콘, 소금빵, 앙버터"
2024,7,목포 코롬방제과점 전국5대빵집 바게트 빵지순례,https://blog.naver.com/keyusu0308/223524997825,2024. 7. 25. 13:01,"쿠키, 맘모스빵, 단팥빵, 샌드위치, 솜빵"
2024,7,김해 레스토랑 빵지순례 브런치 동시에 가능한 장유올오버,https://blog.naver.com/susu_bubu/223515628675,2024. 7. 17. 11:06,
2024,7,속초 빵집 베이커리 가루 뉴욕제과 속초빵지순례,https://blog.naver.com/youliyan/223506776112,2024. 7. 9. 15:23,"단팥빵, 쌀빵, 빵맛"
2024,7,[송리단길카페] 잠실빵지순례 신상 오쿠쿠베이커리 다녀온 후기,https://blog.naver.com/whwjdghk54/223526006607,2024. 7. 26. 10:08,"케이크, 마들렌, 크루아상, 츄러스, 소금빵"
2024,7,강남 논현역 데이트 도너츠 카페 크림브리즈모먼트 빵지순례 코스,https://blog.naver.com/ria04010414/223512634716,2024. 7. 14. 22:32,도넛
2024,7,서울 롯데본점빵지순례 디저트후기) 하츠베이커리 저당팥빵,https://blog.naver.com/arihappy/223504219467,2024. 7. 7. 14:06,"쿠키, 케이크, 빵피, 단팥빵, 팥빵, 찐빵, 밤팥빵"
2024,7,"대전 성심당 본점 튀김소보로 빵지순례 끝판왕 (주차, 웨이팅, 테이블링)",https://blog.naver.com/freestyle_cy/223530559785,2024. 7. 30. 14:58,"샌드위치, 야끼소바빵, 잠봉뵈르"
2024,7,대전 성심당 DCC점 주차 망고시루 시간 빵지순례 여행,https://blog.naver.com/lemon8363/223516748545,2024. 7. 28. 11:00,샌드위치
2024,7,창원 주남저수지 카페 그린하우스 주남점 빵지순례 베이커리,https://blog.naver.com/77rb2/223510654899,2024. 7. 12. 19:26,"케이크, 쑥찰빵, 크루아상, 샌드위치, 팥빵, 소금빵"
2024,7,부산 남천동 빵지순례 밀로제과 / 팥빵 미쳤음,https://blog.naver.com/chicssuin/223506662154,2024. 7. 11. 7:00,"쑥밤팥빵, 쿠키, 빵피, 피스타치오, 빵팥, 팥빵, 호빵"
2024,7,천안 빵지순례 뚜쥬루 빵돌가마 마을,https://blog.naver.com/parkmanyeo/223518778945,2024. 7. 19. 22:41,"빵돌, 소금빵, 케이크"
2024,7,"[안국, 서울] 소금빵 맛집, 아티스트베이커리 빵지순례",https://blog.naver.com/everynewday_/223499191307,2024. 7. 2. 22:08,"소금빵, 피스타치오, 샌드위치, 프레첼, 베이글"
2024,7,대전 성심당 대전역 빵지순례 대전 먹거리 전국5대빵집,https://blog.naver.com/anndam/223527585148,2024. 7. 28. 0:30,"마늘빵, 찐빵, 케이크"
2024,7,강릉 빵지순례 특산물이 들어간 도넛인사이드도넛 후기,https://blog.naver.com/namdali-art/223517696085,2024. 7. 19. 0:52,도넛
2024,7,2024 천안빵축제 천안빵지순례 정보 천안 실내 가볼만한곳,https://blog.naver.com/bhy1468/223524676682,2024. 7. 25. 7:01,"단팥빵, 파이, 소금빵, 제빵, 팥빵, 안빵, 스콘, 제빵사, 베이글"
2024,7,"대전 빵지순례 카페, 베이글 맛집 투드커피",https://blog.naver.com/yuj_ins/223513228372,2024. 7. 15. 12:18,"베이글, 잠봉뵈르"
2024,7,대전 성심당 빵지순례 / 망고시루,https://blog.naver.com/prettyeun101/223512168314,2024. 7. 14. 14:03,케이크
2024,7,울산 빵 맛집 그리다빵 울산점 빵지순례 추천,https://blog.naver.com/mhjblue/223513061446,2024. 7. 15. 9:52,"크루키, 케이크, 파이, 소금빵, 메론빵, 크루아상, 샌드위치, 스콘, 베이글, 에그타르트, 앙버터"
2024,7,인천송도빵집 명인빵지순례1984,https://blog.naver.com/justpar/223505042680,2024. 7. 8. 8:19,"마늘빵, 크루키, 케이크, 깨찰빵, 빵값, 휘낭시에, 샌드위치, 찰빵, 화이트롤, 소금빵"
2024,7,후쿠오카 빵지순례 다코멧카 전메뉴 총정리 웨이팅 안하는법,https://blog.naver.com/vlfldk/223523073961,2024. 7. 27. 7:00,"샌드위치, 토스트, 샌드빵, 빵피"
2024,7,"군산 이성당 빵집 빵지순례 야채빵,단팥빵 웨이팅 주말구매 후기",https://blog.naver.com/psy8272/223531437083,2024. 7. 31. 10:08,"쿠키, 고구마빵, 빵피, 케이크, 빵구, 단팥빵, 겉빵피, 메론빵, 크루아상, 샌드위치, 도넛, 버터빵, 감자빵"
2024,7,[여수여행] 여수빵지순례 여수소금빵 맛집 염전의 봄,https://blog.naver.com/sizzka/223498022211,2024. 7. 1. 23:15,소금빵
2024,7,"부산빵지순례하기, 연산동 오감베이커리",https://blog.naver.com/otshj/223498674541,2024. 7. 2. 14:22,"소금빵, 제과제빵, 토스트"
2024,7,"부산 남천동 빵지순례 빵집 시엘로 과자점 / 소금빵, 새우바게트, 단팥빵",https://blog.naver.com/chicssuin/223513389076,2024. 7. 15. 14:33,"케이크, 단팥빵, 마들렌, 제빵, 스콘, 소금빵"
2024,7,크림빵이 맛있는 어글리베이커리 서울 빵지순례 필수 코스,https://blog.naver.com/loveyou12/223511449315,2024. 7. 13. 16:56,"맘모스빵, 소금빵, 빵수니, 스콘, 베이글"
2024,7,광주 퇴촌 카페 어로프슬라이스피스 콩라떼와 빵지순례 다녀온 날,https://blog.naver.com/vivaceren/223506723717,2024. 7. 9. 19:31,"책빵, 토스트, 파이, 제빵사, 빵빵"
2024,7,울산빵지순례 코스 추가됨 - 신상 울산북구카페 윤연당 천곡점,https://blog.naver.com/taehyunmk/223505299105,2024. 7. 8. 12:28,"케이크, 토스트, 샌드위치, 퀸아망, 파이, 소금빵, 앙버터"
2024,7,대전핫플 성심당 케익부띠끄 생귤시루 가격 맛 대전 빵지순례 가볼만한곳,https://blog.naver.com/hoff_/223530988022,2024. 7. 30. 21:47,케이크
2024,7,여수 돌게 빵 맛집 여수 유명 빵집 빵지순례 코스,https://blog.naver.com/sia855/223515606499,2024. 7. 17. 10:47,
2024,7,런던베이글 뮤지엄 빵지순례 안국 주말 웨이팅 추천메뉴 보관법,https://blog.naver.com/majara78/223497813839,2024. 7. 1. 19:57,"샌드위치, 베이글, 프레첼"
2024,7,"안동여행 빵지순례 맘모스 베이커리 방문 MAMMOTH ,주차정보",https://blog.naver.com/yangklee/223500657230,2024. 7. 4. 4:17,"맘모스빵, 단팥빵, 잼빵등, 케이크"
2024,8,태전동 디쎄베이커리- 아이와 함께하는 빵지순례,https://blog.naver.com/haeroo/223561524907,2024. 8. 26. 18:31,"쿠키, 케이크, 붕어빵, 파이, 소금빵, 크루아상, 샌드위치, 스콘, 베이글, 에그타르트, 앙버터"
2024,8,제주도 서쪽 카페 신상 핫플 '제주당' 베이커리카페 빵지순례,https://blog.naver.com/happyrain012/223562777332,2024. 8. 27. 17:50,"빵맛, 베이글, 고구마빵, 감자빵"
2024,8,[천안 빵집/빵지순례하러 가볼만한 곳] 뚜쥬루 빵돌가마마을 메뉴 및 가격,https://blog.naver.com/10shimj1/223565331425,2024. 8. 31. 9:00,"마늘빵, 빵값, 휘낭시에, 마들렌, 크루아상, 빵맛, 도넛, 완빵"
2024,8,"제주 빵지순례 코스 추천, 빵귿 (할명수 소금빵 맛집 빵집)",https://blog.naver.com/sua4111/223564828559,2024. 8. 29. 10:56,"까눌레, 빵귿, 휘낭시에, 소금빵, 에그타르트, 잠봉뵈르"
2024,8,"용산가족공원 카페 누오바이탈리아, 빵지순례",https://blog.naver.com/duatsong/223545869131,2024. 8. 13. 0:10,"케이크, 파이"
2024,8,제주 빵지순례 시스터필드베이커리 서귀포 빵집,https://blog.naver.com/qkrgkdms1993/223544089342,2024. 8. 11. 16:50,"크루아상, 타르트, 에그타르트, 케이크"
2024,8,서울 빵지순례 옥수역 빵 맛집 베이크베이크 강력추천,https://blog.naver.com/zavawork07/223541175645,2024. 8. 8. 18:57,"맘모스빵, 소금빵, 크루아상, 샌드위치, 베이글"
2024,8,부산 해운대 빵지순례 옵스 OPS 디저트 빵집 가볼만한곳,https://blog.naver.com/messier1212/223552081467,2024. 8. 18. 19:18,"푸딩, 소보로빵, 케이크"
2024,8,목포 빵지순례 씨엘비베이커리 코롬방제과점 주차 꿀팁,https://blog.naver.com/saielog/223554547760,2024. 8. 20. 17:10,솜빵
2024,8,부산 전포 디저트 맛집 희와제과 부산빵지순례 추천,https://blog.naver.com/6_bbang/223566577213,2024. 8. 30. 18:03,"쿠키, 케이크, 휘낭시에, 팥밤빵, 마들렌, 팥빵, 스콘"
2024,8,수성구 대구가볼만한곳 빵지순례 대구여행 코스 노티드도넛 오픈,https://blog.naver.com/hanke/223537787357,2024. 8. 6. 0:40,"푸딩, 소금빵, 케이크, 도넛"
2024,8,거제 카페 추천 오션뷰 마소마레 거제 가볼만한곳 빵지순례,https://blog.naver.com/hloveh01/223553618500,2024. 8. 20. 0:15,"마늘빵, 쿠키, 크루키, 케이크, 맘모스빵, 단팥빵, 파이, 크루아상, 팥빵, 도넛, 스콘, 소금빵"
2024,8,여수 빵지순례 후식으로 반드시 챙겨야하는 여수돌게빵,https://blog.naver.com/genial82/223555738409,2024. 8. 21. 18:40,
2024,8,남원 빵지순례 ㅣ40년 전통의 빵맛집 명문제과 주말 오픈런하기 ~*,https://blog.naver.com/yong_a_/223563797464,2024. 8. 28. 14:25,"햄빵, 공갈빵"
2024,8,명장시대 안산 베이커리 대한민국 제과명장 투어 빵지순례 11번째,https://blog.naver.com/toxicnaomi/223541722581,2024. 8. 9. 9:01,"맘모스빵, 소금빵"
2024,8,부산 빵지순례 센텀시티 빵집 오디너리레시피,https://blog.naver.com/rano_0114/223536109455,2024. 8. 4. 16:56,"토스트, 빵류, 샌드위치, 호밀빵, 베이글"
2024,8,후쿠오카 빵집 텐진 하트브레드 안티크 빵지순례 추천,https://blog.naver.com/djpinky/223550403686,2024. 8. 16. 23:05,"토스트, 크룽지, 메론빵, 샌드위치, 소금빵, 감자빵"
2024,8,수원빵지순례 하얀풍차제과점 | 넘 유명한 수원베이커리카페,https://blog.naver.com/kiki2a/223567780812,2024. 8. 31. 23:44,"샌드위치, 쿠키, 화이트롤, 케이크"
2024,8,천안여행 뚜쥬루 빵돌가마마을 천안 빵지순례 추천,https://blog.naver.com/crom234/223543886993,2024. 8. 11. 11:19,"빵돌, 샌드위치, 잠봉뵈르"
2024,8,제주 서귀포 오션뷰 카페 보래드베이커스 빵지순례,https://blog.naver.com/you1620/223536721837,2024. 8. 5. 7:24,"쿠키, 케이크, 크루아상, 제빵, 스콘, 소금빵, 에그타르트"
2024,8,안동 맘모스제과 빵지순례 솔직 후기,https://blog.naver.com/sugarbia/223536265456,2024. 8. 4. 20:05,"맘모스빵, 소금빵, 단팥빵"
2024,8,광주 궁전제과 빵 추천 공룡알 나비파이 전국5대빵집 빵지순례,https://blog.naver.com/0watergirl0/223540218491,2024. 8. 7. 23:56,"빵킷, 단팥빵"
2024,8,속초 빵집 봉브레드 빵순이 최애 마늘바게트 빵지순례,https://blog.naver.com/hellozz11/223533064941,2024. 8. 1. 16:05,"에그타르트, 파이"
2024,8,"제주빵집 빵지순례 어디서 해요? ""베이커리온유""",https://blog.naver.com/moooonhalo/223559014678,2024. 8. 24. 11:33,"타르트, 맘모스빵, 샌드위치, 도넛, 소금빵, 에그타르트"
2024,8,제주 동쪽 내돈내산 빵집 맛집 빵지순례 보룡제과,https://blog.naver.com/imgasina/223563154709,2024. 8. 28. 0:09,"베이글, 도넛"
2024,8,대전 갈만한곳 성심당 빵지순례 먹거리 전국5대빵집,https://blog.naver.com/jokjcj/223560567610,2024. 8. 26. 0:08,"맘모스빵, 팥빵, 케이크, 마들렌"
2024,8,"양산 베이커리 카페 , 양산 빵지순례 마고플레인 양산점",https://blog.naver.com/honeybee36/223549168722,2024. 8. 15. 22:03,"케이크, 소금빵, 빵구, 휘낭시에"
2024,8,"서울 놀만한곳 할만한것 빵지순례, 여의도 더현대맛집 고디바 베이커리",https://blog.naver.com/jstar7798/223550450648,2024. 8. 16. 23:58,"소라빵, 크루키, 빵류, 초코소라빵, 퀸아망, 프레첼"
2024,8,제주 빵집｜베이커리온유 여기 두번 감! 제주 빵지순례,https://blog.naver.com/ki_mina/223558321706,2024. 8. 23. 17:23,"소금빵, 에그타르트, 케이크"
2024,8,앞산 빵집 추천 118베이크샵 빵친자 대구 빵지순례 코스,https://blog.naver.com/minimini48/223551218749,2024. 8. 17. 20:55,"빵안, 샌드위치, 소금빵"
2024,8,일본 빵지순례 현지인도 줄서는 맛집 후쿠오카 다코멧카,https://blog.naver.com/xzwe/223554922250,2024. 8. 20. 23:16,"샌드위치, 메론빵"
2024,8,제주 빵지순례 함덕 오드랑베이커리 취향저격 빵집 인절미 브레드,https://blog.naver.com/kyjin1126/223544519508,2024. 8. 11. 23:05,"마늘빵, 타르트, 쿠키, 팥빵, 밤빵"
2024,8,대구 빵지순례 버터베이크 베이글이 핫한 동성로 빵집,https://blog.naver.com/2ski2/223547466823,2024. 8. 14. 10:30,"마늘빵, 소라빵, 쿠키, 맘모스빵, 소금빵, 샌드위치, 프레첼, 베이글, 에그타르트, 감자빵"
2024,8,부산빵지순례 쿠루미과자점 명륜역4번출구,https://blog.naver.com/hj2228/223560190225,2024. 8. 25. 17:09,"카레빵, 푸딩, 휘낭시에, 마들렌, 샌드위치, 야끼소바빵, 팥빵, 소금빵"
2024,8,부산 남천동 빵지순례 빵천동 추천 빵집 주차 정보,https://blog.naver.com/geniusyenny/223564516205,2024. 8. 29. 2:00,쌀빵
2024,9,제주도 공항 근처 빵지순례 베이커리온유 솔직후기,https://blog.naver.com/diri_family/223594526478,2024. 9. 24. 13:05,"쿠키, 케이크, 맘모스빵, 휘낭시에, 샌드위치, 도넛, 소금빵"
2024,9,부산빵지순례 연산동빵집 오감베이커리,https://blog.naver.com/bomin78/223596245886,2024. 9. 25. 18:32,"케이크, 생강빵, 단팥빵, 크루아상, 소금빵"
2024,9,광안리베이커리 디저트가 맛있는 앙시앙 빵지순례,https://blog.naver.com/magicnmagic/223568461134,2024. 9. 1. 19:11,"크루아상, 피스타치오"
2024,9,도쿄 긴자 맛집 150년 전통 원조 단팥빵 기무라야 빵지순례,https://blog.naver.com/keai1016/223589289480,2024. 9. 19. 23:57,"파이, 메론빵, 단팥빵, 스콘"
2024,9,속초오션뷰카페 루프탑 경치좋은곳 속초 보사노바에서 빵지순례,https://blog.naver.com/rokavirus/223586006739,2024. 9. 16. 18:24,"츄러스, 쿠키, 케이크, 스콘"
2024,9,대구 빵지순례 삼송빵집 본점 스타벅스 종로고택점,https://blog.naver.com/messier1212/223591186705,2024. 9. 21. 16:01,팥빵
2024,9,국산 가루쌀빵 맛집 빵지순례! 몽뻬르 베이커리 카페,https://blog.naver.com/hhappier/223594620066,2024. 9. 24. 14:21,"쌀빵, 빵맛, 케이크, 마들렌"
2024,9,대전 빵지순례 가성비 최고! 500원 빵집 '신라방 베이커리',https://blog.naver.com/djjunggu8/223565459756,2024. 9. 1. 7:00,"소보로빵, 쿠키, 팥빵, 도넛"
2024,9,부산빵집 광안리 핫플 신상 카페 앙시앙 빵지순례,https://blog.naver.com/seonmi1982/223593887739,2024. 9. 23. 22:53,"단팥빵, 피스타치오"
2024,9,부산 소금빵 맛집 어메이징 베이커리 빵지순례 다녀왔어요,https://blog.naver.com/macqueen_/223593914732,2024. 9. 23. 23:19,"쿠키, 두바이초콜릿, 푸딩, 소금빵, 피스타치오, 휘낭시에, 마들렌, 메론빵, 소보루빵, 베이글"
2024,9,"[카페추천] 제주시 베이커리 카페 ""북성로42"" 제주빵지순례",https://blog.naver.com/wlsdhrdl16/223575182621,2024. 9. 7. 0:45,"마늘빵, 소금빵, 에그타르트, 파이"
2024,9,[속초] 소금빵 빵지순례 ★히응커피★다녀왔어요! 후기 有,https://blog.naver.com/ls5858/223570755637,2024. 9. 3. 15:10,"쿠키, 메론빵, 샌드위치, 화이트롤, 소금빵, 잠봉뵈르"
2024,9,"서울 빵지순례 모음집 (르뱅룰즈, 투아투아, 우스블랑, 르빵...)",https://blog.naver.com/party_tasty/223587332140,2024. 9. 18. 11:00,"케이크, 단팥빵, 르빵, 크루아상, 샌드위치, 호밀빵, 빵쟁이, 소금빵, 감자빵"
2024,9,여수 이순신광장 디저트 맛집 피타베이커스 간식 빵지순례 필수 빵집,https://blog.naver.com/soh109/223570270846,2024. 9. 3. 7:56,"샌드위치, 베이글, 소금빵"
2024,9,빵지순례 퇴촌 대형 베이커리카페 이영자 전참시 빵맛집 어로프슬라이스피스,https://blog.naver.com/yhm529/223570510266,2024. 9. 3. 12:00,"곰빵, 약과, 타르트, 케이크"
2024,9,제주 빵집 빵지순례 현지인이 찾는 베이커리 온유,https://blog.naver.com/pklaaa/223593271407,2024. 9. 23. 13:56,"타르트, 쿠키, 토스트, 케이크, 빵류, 맘모스빵, 제빵, 도넛, 소금빵, 빵단"
2024,9,제주빵지순례 블레블랑제리 빵이 금방 빠지니 일찍 가세요,https://blog.naver.com/86rikbsb/223582354697,2024. 9. 13. 1:55,"소금빵, 에그타르트, 퀸아망"
2024,9,서울 아베베 베이커리 메뉴 추천 도넛 종로 빵지순례,https://blog.naver.com/skawjddl23/223585036038,2024. 9. 20. 3:20,"츄러스, 피스타치오, 도넛"
2024,9,[내돈내산]압구정 빵지순례 '런던베이글',https://blog.naver.com/rod3195/223601069167,2024. 9. 29. 22:44,"베이글, 소금빵"
2024,9,용인카페 버터풀앤크리멀러스 용인구성점 빵지순례,https://blog.naver.com/euphrates/223601936866,2024. 9. 30. 15:16,"쿠키, 케이크, 휘낭시에, 크루아상, 퀸아망, 파이, 소금빵, 앙버터"
2024,9,대구빵지순례 베이커리가 다양했던 가창카페 브래드바바,https://blog.naver.com/osumorao/223583808326,2024. 9. 14. 11:06,"샌드위치, 소금빵, 타르트, 케이크"
2024,9,여수 빵지순례 이순신 광장 근처 먹거리 카페 모음 딸기모찌,https://blog.naver.com/77rb2/223582656134,2024. 9. 13. 10:46,"크림몽돌빵, 문어빵, 도넛, 빵안, 소금빵, 앙버터"
2024,9,제주한림카페 빵지순례 필수코스 크도 (108겹식빵 신메뉴 크림식빵),https://blog.naver.com/crow1030/223586281590,2024. 9. 17. 0:53,"크루아상, 소금빵"
2024,9,"안국역 카페 빵지순례 2탄 리스트: 아티스트컴플렉스, 아티장, 모자이크베이커리...",https://blog.naver.com/sara0205/223585176255,2024. 9. 15. 20:53,"타르트, 마들렌, 파이, 소금빵, 잠봉뵈르"
2024,9,제주 서쪽 협재 해수욕장 카페 웨이뷰 제주도 빵지순례,https://blog.naver.com/hyoyeol/223587302311,2024. 9. 18. 10:15,"팡도르, 케이크"
2024,9,구례맛집 목월빵집 빵지순례 빵투어 종류와 빵나오는 시간,https://blog.naver.com/audreymj410/223598834437,2024. 9. 27. 18:53,"팥빵, 빵칼"
2024,9,"대구 빵지순례, 르배 본점 | 빵 추천",https://blog.naver.com/biio-story/223587105696,2024. 9. 18. 1:45,"소라빵, 쿠키, 케이크, 단팥빵, 소금빵, 소보로빵"
2024,9,대구케이크맛집 빵지순례 수성구 구움과자 모모케이크,https://blog.naver.com/echo78/223589293630,2024. 9. 20. 0:00,"케이크, 휘낭시에"
2024,9,서귀포 빵지순례 착한 가격의 중문 유명 빵집 듀브레드,https://blog.naver.com/freestyle_cy/223595184312,2024. 9. 24. 22:39,"케이크, 베이글, 쿠키, 휘낭시에"
2024,9,"성수 빵집, 만동제과 마늘바게트 빵지순례",https://blog.naver.com/mandu_u/223601875648,2024. 9. 30. 14:40,"마늘빵, 베이글, 쑥빵"
2024,9,강릉 특산물 도넛이 있는강릉 빵지순례 맛집 @도넛인사이드도넛,https://blog.naver.com/23galam/223581868427,2024. 9. 12. 17:03,"빵수니, 도넛"
2024,9,빵지순례 수원하얀풍차 망포역점 주차정보& 솔직 맛평가,https://blog.naver.com/akag/223568062178,2024. 9. 1. 10:23,"샌드위치, 화이트롤, 쫀득한빵"
2024,9,대전 맛있는 빵집 추천 도안동 '몽심' 빵지순례 꼭 가봐야할 곳,https://blog.naver.com/hodudaily/223582105097,2024. 9. 12. 20:52,"쿠키, 케이크, 깨찰빵, 휘낭시에, 마들렌, 크루아상, 소금빵"
2024,9,"강릉베이커리, 고메코나베이커리(feat.빵지순례 인생앙버터)",https://blog.naver.com/tnrua34/223601681492,2024. 9. 30. 11:56,"타르트, 토스트, 단팥빵, 소보로빵, 프레첼, 소금빵, 에그타르트, 앙버터"
2024,9,성북동빵공장 :: 서울 빵지순례 베이커리 카페,https://blog.naver.com/osb524/223580823912,2024. 9. 11. 20:31,"팡도르, 소금빵"
2024,10,대구 동촌유원지 빵지순례 갈만한 대형 신상 카페 해월당,https://blog.naver.com/osumorao/223611853920,2024. 10. 8. 20:24,크루아상
2024,10,후와후와 롯데백화점 인천점 팝업 오픈런 (10/2~10/6) : 망원동 빵지순례 추천 !,https://blog.naver.com/jhtn38/223627769563,2024. 10. 21. 18:01,"쿠키, 빵실빵, 빵피, 맘모스빵, 소금빵, 쫀득빵, 피스타치오, 팥빵, 베이글, 빵빵"
2024,10,광안리 1등 빵집 부산 빵지순례 앙시앙,https://blog.naver.com/new_naeun/223614913983,2024. 10. 11. 12:41,"크루아상, 베이글"
2024,10,유명한 부산 빵집 금정구 유수베이커리 빵지순례 후기,https://blog.naver.com/buong00/223624933918,2024. 10. 19. 10:10,"쿠키, 케이크, 빵구, 단팥빵, 샌드위치, 건빵, 호밀빵, 제과제빵"
2024,10,"부산 베이커리 카페, 광안리 빵집 앙시앙 빵지순례 코스",https://blog.naver.com/spinkkink/223607027666,2024. 10. 4. 19:16,"단팥빵, 피스타치오, 크루아상, 샌드위치, 파이"
2024,10,"[대전] 대전 빵지순례 ㅣ 무박 대전 빵투어ㅣ성심당 케익부띠끄, 성심당, 하레하레, 손수...",https://blog.naver.com/wjdals7776/223607622118,2024. 10. 5. 10:32,"케이크, 맘모스빵, 퀸아망"
2024,10,포항 가볼만한곳 빵지순례 포항 카페 먹거리 시민제과 주차,https://blog.naver.com/hanke/223634796598,2024. 10. 27. 0:08,"쿠키, 타르트, 케이크, 맘모스빵, 단팥빵, 마들렌, 파이, 소금빵"
2024,10,속초 빵지순례 중앙시장 팡파미유 빵집 솔직후기,https://blog.naver.com/diri_family/223622312103,2024. 10. 17. 10:53,마늘빵
2024,10,여수 이순신광장 디저트 카페 빵지순례 필수코스 피타베이커스 베이글 빵집,https://blog.naver.com/kwonakong/223622650866,2024. 10. 17. 15:21,"베이글, 소금빵"
2024,10,제주도 빵지순례 휘베이글 서귀포 베이글 맛집,https://blog.naver.com/netjini1/223617657610,2024. 10. 13. 23:10,"샌드위치, 베이글, 잠봉뵈르"
2024,10,대전성심당 빵지순례 dcc점 무화과시루 웨이팅 실패 주차 꿀팁,https://blog.naver.com/davi-kim/223621585080,2024. 10. 28. 9:20,"소금빵, 케이크, 마들렌"
2024,10,"춘천근화당,춘천빵지순례,춘천근화동빵집,수제빵이 많은 곳",https://blog.naver.com/307720/223640505328,2024. 10. 31. 6:20,"쿠키, 케이크, 맘모스빵, 단팥빵, 소금빵, 황남빵, 제빵, 샌드위치, 소보로빵, 팥빵, 베이글, 앙버터"
2024,10,"수원 베이글 맛집, 미국 감성 카페 빵지순례",https://blog.naver.com/afternoon_garden/223619077408,2024. 10. 15. 21:20,"샌드위치, 베이글"
2024,10,"제주 아라동 빵 맛집 빵지순례, 메종드쁘디푸르",https://blog.naver.com/pigprincessofpigland/223610584596,2024. 10. 10. 6:00,"소금빵, 쿠키, 케이크, 감자빵"
2024,10,전국 5대 빵집 광주 빵지순례 궁전제과 본점 충장점 공룡알빵 나비파이,https://blog.naver.com/jejuda-he/223613867427,2024. 10. 10. 16:20,"케이크, 맘모스빵, 단팥빵, 콘마요빵, 크루아상, 도넛, 파이, 알빵"
2024,10,청주 카페 추천 빵지순례 찐맛집 울랄라 베이커리 내돈내산 후기,https://blog.naver.com/carino0730/223605839070,2024. 10. 3. 21:28,"샌드위치, 소금빵, 에그타르트, 케이크"
2024,10,전국5대빵집 군산 이성당 야채빵 단팥빵 빵지순례,https://blog.naver.com/nana_80/223612730452,2024. 10. 9. 17:18,"쿠키, 고구마빵, 케이크, 단팥빵, 마들렌, 소금빵, 버터빵"
2024,10,강화도 베이커리 맛집 홍종흔베이커리 빵지순례,https://blog.naver.com/hoinagga5/223604847542,2024. 10. 2. 22:39,"빵순, 소금빵, 쿠키, 마들렌"
2024,10,창원 대형 카페 동읍 그린하우스 주남점 빵지순례 핫플,https://blog.naver.com/jsk2318/223629609695,2024. 10. 23. 0:23,"소금빵, 빵맥"
2024,10,충주 빵집 빵지순례 연수동 유명 베이커리 이와정,https://blog.naver.com/aloneagain_/223609038079,2024. 10. 6. 18:46,"크루아상, 샌드위치, 베이글, 잠봉뵈르"
2024,10,잠실 빵집 쥬뗑뷔뜨 서울 빵지순례 내돈내산 추천,https://blog.naver.com/wldmssnla1/223595475921,2024. 10. 14. 6:07,"크루아상, 샌드위치, 앙버터"
2024,10,제주 공항근처 특별한 메뉴가 있는 빵지순례 빵집 행복밀,https://blog.naver.com/miriyaaho/223633233922,2024. 10. 25. 17:40,"푸딩, 맘모스빵, 밤빵"
2024,10,북성로42 베이커리 제주 빵지순례 필수코스,https://blog.naver.com/angus0511/223619826606,2024. 10. 15. 14:23,소금빵
2024,10,"여수 여행 먹거리 이순신광장 근처 기념품 추천 : 귀감 진남약과, 빵지순례 갓버터도나스",https://blog.naver.com/free3394/223626215020,2024. 10. 20. 15:39,"약과, 츄러스, 도넛"
2024,10,울산 빵지순례 달동 맛있는 빵집 베이커리 카페 윤연당,https://blog.naver.com/seonmi1982/223629489532,2024. 10. 22. 22:27,"마늘빵, 토스트, 케이크, 초코소라빵, 팥빵, 파이, 소금빵"
2024,10,강릉 빵지순례 맛보기 도넛인사이드도넛,https://blog.naver.com/nana6120/223607851370,2024. 10. 5. 15:12,도넛
2024,10,제주시 오션뷰 카페 해지개 제주도 애월 카페 빵지순례,https://blog.naver.com/daisy1505/223614170903,2024. 10. 10. 20:51,"크루아상, 소금빵, 타르트"
2024,10,대전 당일치기 혼자 여행 코스 빵지순례 성심당 빵 추천,https://blog.naver.com/teddyprincess/223634777600,2024. 10. 26. 23:50,"단팥빵, 빵값, 약과, 샌드위치, 야끼소바빵, 파이"
2024,10,[광안리 카페] 올선데이 - 베이글이 맛있는 부산 빵지순례 코스,https://blog.naver.com/projsh77/223618288452,2024. 10. 14. 12:50,"베이글, 앙버터"
2024,10,전라도 광주 빵지순례 양파빵 맛집 양림빵집,https://blog.naver.com/35h/223610768222,2024. 10. 8. 0:06,"빵사, 버터빵, 앙버터, 밤빵"
2024,10,성수핫플 서울 빵지순례 데이트코스로 좋은 스탠다드브레드,https://blog.naver.com/davi-kim/223594946247,2024. 10. 9. 6:40,
2024,10,강남빵집 Since 1982 빵지순례 필수코스 김영모과자점 - 제과 명장의 손길,https://blog.naver.com/semins77/223617973738,2024. 10. 14. 7:58,"까눌레, 휘낭시에, 스콘, 소금빵, 소보로빵"
2024,10,마린시티 빵집 플라잉스콘 부산 빵지순례,https://blog.naver.com/new_naeun/223628140368,2024. 10. 21. 23:40,스콘
2024,10,대전 하레하레 본점 둔산점 도안점 빵지순례 풍자 또간집 빵추천,https://blog.naver.com/cvcv5552/223603941523,2024. 10. 2. 9:22,"케이크, 소금빵, 크루아상, 도넛, 츄러스, 베이글, 앙버터"
2024,10,부산 빵지순례 3대 빵집 겐츠 기장 롯데몰 동부산점,https://blog.naver.com/messier1212/223635635640,2024. 10. 28. 7:30,"샌드위치, 소금빵, 케이크"
2024,11,부산 빵지순례 베이커스 크리미 마롱 케이크 먹어 본 후기,https://blog.naver.com/macqueen_/223644989369,2024. 11. 3. 14:51,"맘모스빵, 소금빵, 샌드위치, 케이크"
2024,11,부산 빵맛집 범내골 베이커스 부산 빵지순례 공격 후기 (부산 소금빵 맛집),https://blog.naver.com/ganzzajang/223675955740,2024. 11. 28. 16:04,"토스트, 케이크, 빵류, 피스타치오, 크루아상, 샌드위치, 밤티라미수, 제빵, 소금빵, 앙버터"
2024,11,"가산디지털단지역 감성 카페, 빵지순례 데이트",https://blog.naver.com/afternoon_garden/223655044104,2024. 11. 11. 0:23,"베이글, 소금빵"
2024,11,삿포로 현지인 맛집 추천 동구리 빵집 일본 빵지순례,https://blog.naver.com/yujigraphy/223656630480,2024. 11. 12. 7:00,"푸딩, 샌드위치, 타르트, 메론빵"
2024,11,서촌 가볼만한곳 효자베이커리 빵지순례 추천 + ofr 서울 경복궁 단풍 데이트,https://blog.naver.com/qkrgkdms1993/223666744314,2024. 11. 20. 0:16,"베이글, 타르트, 파이"
2024,11,가산디지털단지 카페 서울 빵지순례 빵맛집 아로케,https://blog.naver.com/kmj930/223662664278,2024. 11. 16. 10:20,"맘모스빵, 베이글, 소금빵, 앙버터"
2024,11,인천 대형 베이커리 카페 인천 빵지순례 서구 가볼만한곳 코스모 40,https://blog.naver.com/17_3_31/223660925601,2024. 11. 14. 23:26,"크루아상, 소금빵, 찰빵"
2024,11,강릉맛집 강원도빵지순례코스 강릉만동제과,https://blog.naver.com/limhj6290/223655673422,2024. 11. 11. 13:17,"베이글, 빵맛"
2024,11,대전 여행 코스 핫플 성심당 전국 3대 맛있는 빵집 빵지순례,https://blog.naver.com/ttpttl2002/223663334010,2024. 11. 16. 23:35,"샌드위치, 소금빵, 케이크"
2024,11,강릉 카페 거리 빵지순례 강릉 강문해변 추천 346커피스토리,https://blog.naver.com/nailstan/223677592570,2024. 11. 30. 1:41,"쿠키, 타르트, 케이크, 통밤빵, 맘모스빵, 단팥빵, 크루아상, 감자빵"
2024,11,부산 빵지순례 쌍떼드쌀빵 건강하고 맛있는 남포동 빵집,https://blog.naver.com/2ski2/223677117056,2024. 11. 29. 16:06,"마늘빵, 타르트, 고구마빵, 케이크, 깨찰빵, 단팥빵, 휘낭시에, 쌍떼드쌀빵, 제빵, 쌀빵, 샌드위치, 도넛, 감자빵"
2024,11,대전 몽심 대흥점 구움과자 빵집 빵지순례 솔직후기,https://blog.naver.com/cvcv5552/223654233998,2024. 11. 10. 9:42,"휘낭시에, 마들렌, 샌드위치, 츄러스, 에그타르트, 잠봉뵈르"
2024,11,망원동 빵지순례 밀로밀 타르트 맛집: 서울/마포구,https://blog.naver.com/baaaba/223659826967,2024. 11. 14. 8:01,"까눌레, 빵킷, 타르트, 쿠키, 파이, 소금빵, 크루아상, 스콘, 베이글, 에그타르트, 버터빵"
2024,11,여수 빵지순례 후식은 돌게빵에 커피,https://blog.naver.com/wls0109146/223664718852,2024. 11. 18. 11:31,붕어빵
2024,11,연남동 빵집 홍대 맛집 만동제과 빵지순례,https://blog.naver.com/sailorsaturn/223664118555,2024. 11. 17. 20:49,"베이글, 카레빵"
2024,11,제주빵지순례 롱앤플랫 샌드위치가 맛있는 동문시장 빵집,https://blog.naver.com/iyaiyao0/223644190879,2024. 11. 3. 8:00,"샌드위치, 밤티라미수, 잠봉뵈르"
2024,11,강릉빵집 줄서서 사먹는 빵지순례 만동제과,https://blog.naver.com/leejungwa/223674829182,2024. 11. 28. 10:00,"빵좀, 베이글"
2024,11,태극당 본점 전통이 살아있는 서울 빵지순례 맛집,https://blog.naver.com/nasuny1120/223655447140,2024. 11. 11. 10:24,"빵빠레, 버터빵"
2024,11,"전국 빵지순례 트레킹 코스 TOP 3: 대전 성심당, 안동 맘모스제과, 군산 이성당",https://blog.naver.com/swtour01/223671966548,2024. 11. 25. 10:41,"맘모스빵, 단팥빵, 버터빵, 앙버터"
2024,11,전주 한옥마을 풍년제과 본점 원조 초코파이 빵지순례,https://blog.naver.com/pang_doo/223668193758,2024. 11. 26. 6:30,"케이크, 단팥빵, 소금빵, 초코소라빵, 베이글, 앙버터"
2024,11,가산디지털단지역 카페 서울 빵지순례 아로케 베이커리카페,https://blog.naver.com/jinidag/223644393672,2024. 11. 2. 23:40,"맘모스빵, 단팥빵, 소금빵, 크루아상, 퀸아망, 베이글"
2024,11,제주카페 한림카페 크도 빵지순례 108겹식빵,https://blog.naver.com/addfox/223661554208,2024. 11. 15. 12:46,크루아상
2024,11,사이판 자유여행 오하스 베이커리 카페 가라판 빵지순례,https://blog.naver.com/you1620/223661194317,2024. 11. 15. 6:49,"크루아상, 소금빵"
2024,11,대전 빵지순례 봉명동 빵 맛집 르뺑99-1,https://blog.naver.com/wltnsdl12/223664978925,2024. 11. 18. 15:12,"마늘빵, 타르트, 케이크, 파이, 마들렌, 크루아상, 제빵, 프레첼, 제과제빵, 앙버터"
2024,11,부천 카페 맛집 베이커리호프 시그니처 마늘바게트 빵지순례,https://blog.naver.com/yseo1040/223665861605,2024. 11. 19. 10:12,"샌드위치, 베이글, 케이크, 파이"
2024,11,영주 태극당 과자점 카스테라 인절미 보관방법 빵지순례,https://blog.naver.com/jho8027/223651400793,2024. 11. 7. 23:10,맘모스빵
2024,11,"석촌역 빵집 쥬뗑뷔뜨 예약방법, 바게트가 맛있는 빵지순례 후기",https://blog.naver.com/mary_zip/223655681347,2024. 11. 11. 13:23,"크루아상, 샌드위치, 프레첼, 잠봉뵈르, 앙버터"
2024,11,도쿄 빵지순례 긴자 팡메종 웨이팅끝에 맛본 인생소금빵,https://blog.naver.com/dalcomhi/223668096666,2024. 11. 21. 9:54,"샌드위치, 소금빵, 앙버터"
2024,11,여수빵지순례 꼭 들려야하는 여수소금빵 염전의봄,https://blog.naver.com/jiniya11111/223656235209,2024. 11. 12. 9:20,소금빵
2024,11,"춘천동내빵집,춘천빵지순례,페스츄리,크루아상빵집",https://blog.naver.com/307720/223662001762,2024. 11. 15. 18:32,"크루키, 파이, 크루아상, 퀸아망, 스콘, 에그타르트, 앙버터, 감자빵"
2024,11,제주 빵지순례 제주공항근처 오션뷰 신상카페 추천 오라339,https://blog.naver.com/imgasina/223672506295,2024. 11. 25. 18:18,케이크
2024,11,여수 빵지순례 부드럽고 달콤한 수제 돌게빵에 반하다,https://blog.naver.com/todrlclfm97/223659200773,2024. 11. 13. 18:50,앙버터
2024,11,"전북 부안 줄포만 노을빛 정원 억새군락, 대형카페 슬지제빵소 빵지순례 가볼까",https://blog.naver.com/yjb5711/223667688848,2024. 11. 20. 20:52,제빵
2024,11,대전 탄방동 카페 디저트 맛집 빵지순례 어펙션,https://blog.naver.com/ttltjsdla/223665422288,2024. 11. 18. 22:01,"소금빵, 쿠키, 토스트"
2024,11,"[전포동, 보소보소] 중국디저트 수건케이크가 있는 전포디저트맛집 빵지순례 추천",https://blog.naver.com/jnm177/223665251935,2024. 11. 18. 18:59,"케이크, 소금빵, 수건케이크"
2024,12,가산디지털단지역 카페 조용한 베이커리 빵지순례는 넓은 아로케 후기 가져온 이유,https://blog.naver.com/jej3480/223685082832,2024. 12. 6. 21:57,"맘모스빵, 단팥빵, 소금빵, 크루아상, 퀸아망, 빵순, 베이글"
2024,12,부천 빵집 명인빵지순례1984 상동점 부천카스테라맛집,https://blog.naver.com/kh840310/223701411459,2024. 12. 24. 8:00,"마늘빵, 두바이초콜릿, 피스타치오, 샌드위치, 화이트롤"
2024,12,빵덕후 필수코스 천안 뚜쥬르 빵마을 빵지순례,https://blog.naver.com/apdlqj000/223701790508,2024. 12. 22. 9:48,케이크
2024,12,서울 빵지순례 맛집 압구정 크리스마스 카페 달링베이커리 DARLIN,https://blog.naver.com/snowrun/223698397713,2024. 12. 19. 1:47,"마늘빵, 마들렌, 크루아상, 샌드위치, 화이트롤"
2024,12,가산디지털단지역 카페 서울 빵지순례 아로케,https://blog.naver.com/bingohwan/223702506860,2024. 12. 23. 6:10,"맘모스빵, 단팥빵, 소금빵, 크루아상, 샌드위치, 퀸아망, 베이글, 앙버터"
2024,12,"천안 여행 가볼만한 곳, 천안 빵지순례 맛집 뚜쥬루",https://blog.naver.com/doeunism/223676344397,2024. 12. 8. 0:10,"팥빵, 케이크"
2024,12,가산 대형카페 아로케 서울 데이트 베이커리 빵지순례,https://blog.naver.com/hn_bong/223685455548,2024. 12. 7. 10:44,"크루아상, 샌드위치, 베이글, 소금빵"
2024,12,김포 구래동빵집 좋은아침페스츄리 빵지순례 후기,https://blog.naver.com/hiprider/223678633886,2024. 12. 1. 10:59,"마늘빵, 케이크, 맘모스빵, 파이, 샌드위치, 팥빵, 퀸아망, 스콘, 소금빵, 에그타르트"
2024,12,가산디지털단지역 카페 아로케 분위기 좋은 서울빵지순례,https://blog.naver.com/joojoo5623/223689407155,2024. 12. 11. 7:38,"쿠키, 맘모스빵, 소금빵, 크루아상, 샌드위치, 퀸아망, 베이글"
2024,12,후쿠오카 빵 베이커리 맛집 트러플 소금빵 일본 텐진 빵지순례 여행,https://blog.naver.com/niky8888/223694911225,2024. 12. 16. 16:10,"코페빵, 소금빵"
2024,12,대전 빵집 추천 유성 데이트 코스 빵지순례 먹거리 콜마르브레드 본점,https://blog.naver.com/ttltjsdla/223683933705,2024. 12. 5. 21:55,"까눌레, 타르트, 쿠키, 케이크, 파이, 소금빵, 크룽지, 크루아상, 스콘, 베이글, 제과제빵, 밭빵, 소보로빵"
2024,12,융건릉 베이커리 카페 화성 대형 애월빵공장 빵지순례,https://blog.naver.com/jinidag/223697784998,2024. 12. 18. 15:31,"쿠키, 단팥빵, 크루아상, 쌀빵, 애월빵, 소금빵"
2024,12,대전 죽동카페 콜마르브레드 생활의 달인 빵지순례,https://blog.naver.com/help1207/223685984284,2024. 12. 7. 23:48,"쿠키, 타르트, 케이크, 파이, 소금빵, 크루아상, 샌드위치, 스콘, 베이글, 앙버터"
2024,12,"부산 빵지순례 초량온당 맘모스빵, 황치즈 푸딩 택배 가능!",https://blog.naver.com/schneesun85/223681682290,2024. 12. 3. 23:21,"쿠키, 푸딩, 맘모스빵, 소금빵, 피스타치오, 스콘, 베이글"
2024,12,제주도 빵지순례 나나쉬폰 쉬폰케이크 제주빵지순례,https://blog.naver.com/jhb916/223699163496,2024. 12. 19. 17:23,"제빵, 케이크"
2024,12,"대구 빵지순례, 빵장수단팥빵 서문본점ㅣ유명 베이커리 빵집",https://blog.naver.com/fls7488/223689105378,2024. 12. 10. 21:59,"단팥빵, 밤앙꼬빵, 호빵"
2024,12,구례 목월빵집 건강 우리밀빵으로 전남 빵지순례 No1,https://blog.naver.com/yeonjin72/223687429712,2024. 12. 9. 14:29,"밀빵, 팥빵"
2024,12,가산디지털단지역 카페 아로케 AROKE 서울 빵지순례 추천,https://blog.naver.com/0026_j/223700511451,2024. 12. 20. 20:09,"맘모스빵, 단팥빵, 소금빵, 크루아상, 샌드위치, 퀸아망, 베이글, 감자빵"
2024,12,제주도민이 찾아본 제주 빵지 순례 착한 가격 제주서문시장 삼복당제과,https://blog.naver.com/jejusilencer/223703435734,2024. 12. 23. 21:43,"단팥빵, 메론빵, 빵맛, 소보루빵, 소보로빵"
2024,12,부산 빵지순례 광안리 빵집 더베이 베이커리 단팥빵 맛집,https://blog.naver.com/xoxo6514/223708030452,2024. 12. 28. 21:54,"단팥빵, 샌드위치, 케이크, 빵피"
2024,12,빵지순례 중! 가평 베이커리 카페75갓구운빵장수,https://blog.naver.com/hoinagga5/223701464810,2024. 12. 21. 22:18,"까눌레, 마늘빵, 쿠키, 프레첼, 케이크, 파네토네, 운빵, 단팥빵, 파이, 피스타치오, 크루아상, 꿀빵, 스콘, 소금빵, 앙버터"
2024,12,대전 빵지순례 후후베이크 월평동 소금빵 맛집,https://blog.naver.com/jjdj3/223702166610,2024. 12. 22. 19:03,"스콘, 소금빵, 휘낭시에, 마들렌"
2024,12,빵지순례 전국5대빵집 군산 이성당 맛있는 빵집 원픽은 야채빵,https://blog.naver.com/kyjin1126/223686506281,2024. 12. 8. 17:25,"타르트, 쿠키, 고구마빵, 케이크, 단팥빵, 메론빵, 팥빵, 빵맛, 도넛, 스콘, 소보로빵"
2024,12,인천 송도 빵집 명인빵지순례1984 내돈내산,https://blog.naver.com/dalkeeee/223696313962,2024. 12. 17. 12:23,"마늘빵, 쿠키, 두바이초콜릿, 깨찰빵, 빵구, 화이트롤, 호밀빵, 소금빵"
2024,12,"목포 빵지순례 - 코롬방제과점, 씨엘비베이커리",https://blog.naver.com/bbobbo888/223698718189,2024. 12. 20. 9:00,"소금빵, 고구마빵, 케이크"
2024,12,부산빵지순례 옵스 해운대 부산빵집 해운대여행,https://blog.naver.com/hanke/223710744812,2024. 12. 31. 17:59,"쿠키, 케이크, 푸딩, 프랑스빵, 파이"
2024,12,대구빵지순례 빵장수단팥빵 카페 종로본점,https://blog.naver.com/flytosky314/223692190274,2024. 12. 13. 12:39,"맘모스빵, 단팥빵, 크룽지, 통팥빵, 밤티라미수, 소보루빵, 스콘, 소금빵, 앙버터"
2024,12,가산디지털단지역 카페 아로케 서울빵지순례 후기,https://blog.naver.com/love4830/223693172836,2024. 12. 14. 11:13,"맘모스빵, 소금빵, 빵수니, 크루아상, 샌드위치, 빵위, 퀸아망, 베이글, 앙버터"
2024,12,주안 카페 아방베이커리 인천아인병원점 빵지순례 핫플,https://blog.naver.com/trip_ayeonny/223710329410,2024. 12. 31. 11:32,"쿠키, 크루키, 케이크, 휘낭시에, 크루아상, 샌드위치, 스콘, 소금빵, 잠봉뵈르"
2024,12,가산디지털단지역 카페 아로케 맛진 서울 빵지순례,https://blog.naver.com/kkyycc27/223708592361,2024. 12. 30. 1:00,"맘모스빵, 단팥빵, 소금빵, 크루아상, 샌드위치, 퀸아망, 베이글, 앙버터"
2024,12,제주도 서귀포 빵집 보룡제과 주차 제주동부 빵지순례,https://blog.naver.com/hn_bong/223708085452,2024. 12. 28. 23:10,"케이크, 맘모스빵, 소금빵, 메론빵, 크루아상, 찐빵, 베이글"
2024,12,청주 빵지순례 우소빵에서 소금빵 샀어요,https://blog.naver.com/k_b0ra/223694440115,2024. 12. 15. 20:52,소금빵
2024,12,제주 애월 카페 추천 유수암리 빵집 홀츠 제주도 서쪽 빵지순례,https://blog.naver.com/qkrgkdms1993/223680457827,2024. 12. 2. 23:34,"크루아상, 피스타치오"
2024,12,여수 빵지순례 돌게빵은 꼭 먹어보기,https://blog.naver.com/wls0109146/223705152250,2024. 12. 25. 19:26,
2024,12,"성산 제일성심당, 제주도 성심당 시식으로 찢었다! (ft. 빵지순례)",https://blog.naver.com/iamhankong/223692504085,2024. 12. 19. 0:10,"케이크, 찐빵, 도넛, 스콘"
2025,1,전북 부안 여행 곰소염전 슬지제빵소 빵지순례,https://blog.naver.com/hloveh01/223710331076,2025. 1. 1. 0:11,"제빵, 찐빵, 단팥빵, 피스타치오"
2025,1,대구 딸기케이크 빵지순례 라부아뜨엘 명장케이크 예약,https://blog.naver.com/red_gg0_ma/223742799393,2025. 1. 31. 7:40,"샌드위치, 소금빵, 케이크"
2025,1,제주도 유명 빵집 예감 베이커리 카페 파파크로아상 제주 빵지순례,https://blog.naver.com/sk57533/223715106563,2025. 1. 5. 10:02,"샌드위치, 에그타르트"
2025,1,제주도 애월 카페 제주당 제주 빵지순례,https://blog.naver.com/jejuda-he/223739538641,2025. 1. 26. 23:25,"단팥빵, 베이글, 케이크"
2025,1,상동역빵집 | 카스테라 맛집 | 명인빵지순례1984 상동점,https://blog.naver.com/vividream513/223740300184,2025. 1. 27. 21:18,"마늘빵, 쿠키, 두바이초콜릿, 케이크, 맘모스빵, 휘낭시에, 약과, 샌드위치, 소금빵"
2025,1,서산 빵집 냠냠냠 NNN 베이커리 풍미작렬 빵지순례,https://blog.naver.com/kskr3105/223722561527,2025. 1. 11. 15:13,"크루아상, 소금빵, 피스타치오, 퀸아망"
2025,1,"압구정카페, 크루아상 맛집 빵지순례코스 플링크",https://blog.naver.com/indiy/223729581759,2025. 1. 18. 9:25,크루아상
2025,1,도쿄 빵지순례 긴자 빵집 소금팡메종 긴자기무라야,https://blog.naver.com/djpinky/223742669891,2025. 1. 30. 23:24,"단팥빵, 잼빵, 빵값, 메론빵, 샌드위치, 소금빵, 앙버터"
2025,1,제주도 빵집 제주 빵지순례 맛있는 빵집 제주공항근처 카페 파파크로아상,https://blog.naver.com/fabrunch/223735212571,2025. 1. 23. 3:22,"타르트, 케이크, 샌드위치, 퀸아망, 소금빵, 에그타르트"
2025,1,제주도 제성제과 올레시장 동문시장 빵집 빵지순례 오메기떡까지!,https://blog.naver.com/anjung55/223736557239,2025. 1. 24. 4:54,
2025,1,용인 베이커리카페 추천 로스트앤베이크 본점 가족과 빵지순례,https://blog.naver.com/decadentliz/223728906017,2025. 1. 17. 21:00,"쿠키, 타르트, 케이크, 크루아상, 앙버터"
2025,1,제주도 공항 빵집 제주 빵지순례 맛집 베이커리 파파크로아상,https://blog.naver.com/hewtbylvv/223730534121,2025. 1. 19. 13:19,"타르트, 빵귿, 크루아상, 샌드위치, 소금빵, 에그타르트"
2025,1,대전 성심당 딸기시루 빵지순례 핫플 브런치 대전여행 추천,https://blog.naver.com/nailstan/223734316553,2025. 1. 22. 14:57,"크루아상, 찐빵, 소금빵, 케이크"
2025,1,파주 베이커리 앤드테라스 실내 식물원카페 빵지순례,https://blog.naver.com/bom25bom/223741164432,2025. 1. 31. 0:20,"마늘빵, 프레첼, 케이크, 단팥빵, 소금빵, 스콘, 베이글"
2025,1,경기도 데이트 가볼만한곳 빵지순례,https://blog.naver.com/hp0210/223718445031,2025. 1. 8. 11:00,"소금빵, 에그타르트, 빵빵"
2025,1,영종도빵지순례 빵종류 다양한 동양염전베이커리카페 후기,https://blog.naver.com/2005_01_08/223743727564,2025. 1. 31. 23:08,"마늘빵, 파네토네, 소금빵, 화이트롤"
2025,1,부산 빵지순례 해운대 옵스 명란 피자는 나만의 원픽,https://blog.naver.com/sichanmi/223715261623,2025. 1. 5. 14:24,"케이크, 스콘"
2025,1,설 연휴 갈만한곳 익선동 데이트 서울 빵지순례 자연도 소금빵 & 자연도가 (내돈내산),https://blog.naver.com/cafeinfofam/223740132492,2025. 1. 27. 17:17,소금빵
2025,1,제주 런던 베이글 뮤지엄 제주점 제주도 빵집 빵지순례,https://blog.naver.com/obh1680/223716535422,2025. 1. 6. 18:44,"샌드위치, 베이글, 소금빵, 프레첼"
2025,1,빵순이 빵돌이 모여! 전국 빵지순례 BEST5,https://blog.naver.com/amyangela/223715278246,2025. 1. 5. 14:48,"맘모스빵, 단팥빵, 케이크, 알빵"
2025,1,제주 빵지 순례 토요일 오후 마감시간에 도착한 백한철 꽈배기,https://blog.naver.com/paulnam1/223736323809,2025. 1. 23. 22:29,도넛
2025,1,충정로 카페 :: 서울 빵지순례 구우움 충정로 본점,https://blog.naver.com/imajinny/223733217381,2025. 1. 21. 21:59,"샌드위치, 소금빵"
2025,1,제주 베이커리 카페 제주도 빵지순례 삼양동 맛집 수에떼,https://blog.naver.com/sarahavo/223737111927,2025. 1. 24. 16:14,"크루아상, 샌드위치, 파이, 소금빵, 앙버터"
2025,1,서울 빵지순례 런던베이글 뮤지엄 서울 잠실 롯데월드몰 먹거리,https://blog.naver.com/anndam/223723821612,2025. 1. 13. 0:17,"샌드위치, 베이글, 도넛"
2025,1,부천까페 빵지순례추천 빵맛집 베이커리호프,https://blog.naver.com/hsn083/223711484495,2025. 1. 1. 13:32,"프레첼, 케이크, 단팥빵, 소금빵, 크루아상, 샌드위치, 빵맛, 스콘, 빵안, 베이글, 앙버터"
2025,1,부산 빵지순례 해운대 핫플 후스후무무 베이커리 카페,https://blog.naver.com/zzxx2424/223716239788,2025. 1. 6. 16:00,"쿠키, 피스타치오, 샌드위치, 스콘, 소금빵, 잠봉뵈르"
2025,1,또또또또간집 빵지순례 대전 성심당 본점,https://blog.naver.com/euni_17093/223718547810,2025. 1. 8. 11:25,"타르트, 맘모스빵, 단팥빵, 파이, 소금빵"
2025,1,전주 1박2일 숙소 신라스테이 전주 가맥집 빵지순례,https://blog.naver.com/bom25bom/223712012335,2025. 1. 2. 0:11,"소금빵, 케이크, 파이"
2025,1,인천 빵지순례 영종도 구읍뱃터 근처 자연도 소금빵 본점!,https://blog.naver.com/kyoonsun7/223732137975,2025. 1. 20. 23:43,소금빵
2025,1,여수 기념품 이순신광장 먹거리 꼬북샌드 여수시내 빵지순례,https://blog.naver.com/hakueiii/223722602019,2025. 1. 13. 10:10,
2025,1,부산 빵지순례 후스후무무 부산디저트 해운대 데이트,https://blog.naver.com/ddo2_ddo2_/223738602929,2025. 1. 26. 0:12,"소금빵, 쿠키, 케이크, 스콘"
2025,1,파주 금촌 빵지순례 할만한 가성비 파주빵집 : 더브래드36.5 본점,https://blog.naver.com/sunrise1228/223730568022,2025. 1. 19. 14:14,"쿠키, 케이크, 빵류, 맘모스빵, 샌드위치, 파이, 빵쟁이, 소금빵"
2025,1,도쿄 디저트 맛집 오모테산도 카페 아맘다코탄 빵지순례 오픈런,https://blog.naver.com/dlgpwls9459/223734224735,2025. 1. 22. 13:56,"피스타치오, 샌드위치, 야끼소바빵, 도넛, 스콘"
2025,1,[충정로 카페] 빵지순례 빵집 구우움 본점 후기,https://blog.naver.com/lpsh111/223732737160,2025. 1. 21. 14:28,"샌드위치, 빵빵"
2025,1,경기도 수원 실내 가볼만한곳 런던베이글 스타필드 빵지순례 핫플,https://blog.naver.com/trip_ayeonny/223716796017,2025. 1. 6. 23:28,"처빵, 베이글"
2025,2,부천빵집 명인빵지순례1984 상동베이커리카페,https://blog.naver.com/jdr21035/223751370682,2025. 2. 7. 14:40,"쿠키, 움빵, 샌드위치, 퀸아망, 소금빵, 마늘빵, 크루키, 깨찰빵, 단팥빵, 스콘, 에그타르트, 두바이초콜릿, 맘모스빵, 휘낭시에, 약과, 앙버터, 푸딩, 크루아상, 화이트롤"
2025,2,강릉 빵지순례 카페초이 /소금빵 쫀득쿠키 후기 ♥,https://blog.naver.com/tnrua34/223748481832,2025. 2. 5. 13:17,"소금빵, 쿠키, 잠봉뵈르"
2025,2,대구 빵지순례 현대백화점 근처 반월당 두아몽떼,https://blog.naver.com/sperospera84/223771833656,2025. 2. 24. 15:51,"케이크, 휘낭시에, 마들렌, 크루아상, 퀸아망, 소금빵, 빵빵"
2025,2,울산울주군카페 대형 베이커리 맛집 베이커스 바오밥 빵지순례 가볼만해,https://blog.naver.com/osumorao/223765689478,2025. 2. 19. 9:20,"쿠키, 베이글, 소금빵"
2025,2,"부산 해운대 빵집 후스후무무 해운대 베이커리 빵지순례(feat. 주차장, 무무테라스 카페)",https://blog.naver.com/saddyblue0/223775407283,2025. 2. 26. 20:54,"피스타치오, 샌드위치, 빵위, 프레스빵, 소금빵, 잠봉뵈르"
2025,2,연남동 빵집 만동제과 마늘바게트와 어니언베이글이 유명한 빵지순례 맛집,https://blog.naver.com/hyun3_/223749751771,2025. 2. 6. 13:42,"베이글, 화이트롤, 고구마빵"
2025,2,전북 부안 여행 빵지순례 맛있는 빵집 곰소염전 슬지제빵소 카페,https://blog.naver.com/sunnyssam73/223762005225,2025. 2. 16. 7:40,"소금빵, 팥빵류, 제빵, 도넛, 찐빵, 베이글"
2025,2,대전 유명 빵집 추천 유성 베이커리 맛집 빵지순례 데이트 콘트란쉐리에,https://blog.naver.com/ttltjsdla/223766635297,2025. 2. 19. 23:49,"크루아상, 소보로빵, 샌드위치, 팥빵, 퀸아망, 소금빵, 앙버터"
2025,2,[서울/강남/빵집] 신논현 꼼다비뛰드 : 서울 빵지순례 필수 코스.,https://blog.naver.com/muscat4316/223761337690,2025. 2. 15. 9:57,"샌드위치, 피스타치오, 퀸아망"
2025,2,<춘천빵집> 자유빵집 (춘천빵지순례),https://blog.naver.com/eunkaren/223772198198,2025. 2. 24. 21:05,"소금빵, 크루아상, 베이글, 에그타르트, 앙버터"
2025,2,"코타키나발루 빵지순례 MR. Franze Bakery, 15 Minutes bake 코타 빵집 투어!",https://blog.naver.com/baaaba/223770210079,2025. 2. 23. 6:02,"타르트, 빵속, 케이크, 단팥빵, 크루아상, 스콘"
2025,2,제주도 빵지순례 애월바다 뷰 대형카페 해지개,https://blog.naver.com/tjdrud34/223778500639,2025. 2. 28. 19:55,앙버터
2025,2,오사카 자유여행 난바역 카페 브런치 빵지순례,https://blog.naver.com/fromrei8/223765259865,2025. 2. 18. 21:44,토스트
2025,2,부산 남천동 빵집 빵지순례 동양사라다 평일 방문기,https://blog.naver.com/dlgpwls9459/223763935923,2025. 2. 17. 20:35,
2025,2,영등포빵지순례를 가봅시다!!ㅋ 소금빵 맛집 [셰프의아이들],https://blog.naver.com/bluechensa/223754990893,2025. 2. 10. 10:45,"샌드위치, 소금빵, 타르트, 앙버터"
2025,2,안국역 베이글 맛집 런던베이글뮤지엄 빵지순례 핫플,https://blog.naver.com/dlrwnsaka/223758435057,2025. 2. 12. 21:23,"샌드위치, 베이글, 소금빵, 프레첼"
2025,2,"가산디지털단지 카페, 서울빵지순례 하기 좋은 아로케",https://blog.naver.com/lyg902/223746566074,2025. 2. 3. 20:56,"베이글, 소금빵, 퀸아망, 휘낭시에"
2025,2,부산 빵지순례 빵집 초량온당 택배 주문 푸딩 황치즈 세트 후기,https://blog.naver.com/jihye0111/223768534148,2025. 2. 21. 14:45,"푸딩, 맘모스빵, 쫀득뽀또앙빵, 소금빵, 피스타치오, 베이글"
2025,2,해운대 베이커리 빵지순례 필수코스 후스후무무 방문 후기,https://blog.naver.com/sincity01/223773394632,2025. 2. 25. 17:38,"쿠키, 피스타치오, 크루아상, 샌드위치, 스콘, 소금빵, 잠봉뵈르, 빵겉"
2025,2,부산 빵지순례 모찌빵 맛집 베이크백 후기,https://blog.naver.com/knynayoung/223747956080,2025. 2. 5. 0:17,"맘모스빵, 피스타치오"
2025,2,수원빵집 베이커리 빵지순례 여기 필수 하얀풍차제과점 곡반점,https://blog.naver.com/ddaomingsuk/223775603974,2025. 2. 26. 23:33,"쿠키, 푸딩, 메론빵, 샌드위치, 화이트롤, 도넛, 소금빵"
2025,2,대구 동인동 빵집 빵지순례 중구 밀밭베이커리 미인점,https://blog.naver.com/minively_bb/223757584560,2025. 2. 12. 9:18,"마늘빵, 타르트, 케이크, 토스트, 단팥빵, 메론빵, 샌드위치, 도넛, 소금빵, 공갈빵"
2025,2,제주 3대 빵집 맛집 제주도 빵지순례 플랜트 827,https://blog.naver.com/jejuda-he/223766457277,2025. 2. 19. 20:45,"쿠키, 케이크, 피스타치오, 크루아상, 소금빵"
2025,2,제주도 대형 카페 오션뷰 즐기며 제주 빵지순례 성공!,https://blog.naver.com/jeongwon84/223772913944,2025. 2. 25. 12:30,케이크
2025,2,일산 소금빵 빵지순례 킨텍스 금빛빵집,https://blog.naver.com/rmfldna1a/223749899099,2025. 2. 6. 15:47,"밤빵, 케이크, 단팥빵, 크루아상, 퀸아망, 파이, 소금빵"
2025,2,광교 갤러리아 팝업 오렌지베이글 백화점맛집 수원빵지순례,https://blog.naver.com/greta0074/223778637808,2025. 2. 28. 23:26,"샌드위치, 베이글"
2025,2,제주도 애월 카페 애월 과일 디저트 오션뷰 카페 제주 빵지순례,https://blog.naver.com/fabrunch/223746455699,2025. 2. 3. 18:51,케이크
2025,2,대구 여행 빵지순례 요즘 핫한 빵집 TOP4 후기,https://blog.naver.com/0026_j/223773774339,2025. 2. 25. 21:58,"밤팥빵, 소금빵, 팥빵, 케이크"
2025,2,남원 빵지순례 “명문제과” - 내돈내산 후기,https://blog.naver.com/real_soriel/223769613393,2025. 2. 22. 14:51,"햄빵, 케이크"
2025,2,인천 연안부두 대형카페 인텐스491 바다뷰 빵지순례 이색 실내 데이트코스 가볼만한곳,https://blog.naver.com/wansojun/223771444220,2025. 2. 24. 10:48,"마늘빵, 소금빵, 빵콰"
2025,2,부산 빵지순례 남포동 깡통시장 빵집 밀곳 머쑥머쑥 버무리,https://blog.naver.com/lordlysj/223756269463,2025. 2. 11. 10:06,"타르트, 푸딩, 쑥빵, 쌀빵, 소금빵"
2025,2,대전 빵집 빵투어 빵지순례 모음.Zip,https://blog.naver.com/som_tae/223767943448,2025. 2. 21. 1:33,"까눌레, 타르트, 케이크, 휘낭시에, 마들렌, 크루아상, 샌드위치, 제빵, 화이트롤, 츄러스, 소금빵, 에그타르트, 잠봉뵈르"
2025,2,제주 동문시장 빵집 빵지순례 롱앤플랫,https://blog.naver.com/imgasina/223744149577,2025. 2. 1. 12:15,
2025,2,제주빵지순례 제주 베이커리온유,https://blog.naver.com/jhb916/223744710105,2025. 2. 2. 0:33,"맘모스빵, 쿠키, 케이크"
2025,2,서울근교카페 ] 부천 맛집 빵지순례 Aop 이즈니버터 인증~ 베이커리 호프,https://blog.naver.com/atom5246/223766734094,2025. 2. 20. 2:18,"케이크, 소금빵, 샌드위치, 밤빵, 베이글"
2025,3,"군산 여행 빵지순례 이성당 웨이팅, 택배, 추천 빵 내돈내산 솔직후기",https://blog.naver.com/blueredya/223794007429,2025. 3. 13. 0:13,"쿠키, 케이크, 깨찰빵, 단팥빵, 메론빵, 스콘, 버터빵"
2025,3,부산 해운대 빵집 빵지순례 후스후무무,https://blog.naver.com/s__jooo/223792978921,2025. 3. 12. 15:30,"크루아상, 소금빵, 피스타치오"
2025,3,여의도 빵집 폴앤폴리나 줄서서 먹는 내돈내산 빵지순례,https://blog.naver.com/wldmssnla1/223621274678,2025. 3. 24. 6:00,"프레첼, 케이크, 크루아상, 샌드위치, 스콘, 호밀빵"
2025,3,대전 가볼만한곳 맛있는 빵집 빵지순례 대전 성심당 본점 대전역 오픈시간,https://blog.naver.com/ydl1/223781389154,2025. 3. 3. 2:52,"케이크, 마들렌, 샌드위치, 찐빵, 소금빵"
2025,3,여수 여행 기념품 코스 여수이순신버거 외 빵지순례,https://blog.naver.com/jinidag/223781247807,2025. 3. 2. 23:47,"약과, 도넛"
2025,3,"대전 성심당 본점 빵 종류 추천, 빵지순례 웨이팅",https://blog.naver.com/party_tasty/223811412199,2025. 3. 27. 9:56,"샌드위치, 건빵, 호밀빵"
2025,3,광교 갤러리아백화점 팝업 오렌지베이글 수원 빵지순례 실내 데이트,https://blog.naver.com/hakueiii/223780077319,2025. 3. 2. 10:00,베이글
2025,3,부산 해운대 빵지순례 후스후무무 베이커리,https://blog.naver.com/iamhappylsr/223796472041,2025. 3. 14. 23:53,"휘낭시에, 크룽지, 제빵사, 소금빵, 잠봉뵈르"
2025,3,강릉여행 빵지순례 강릉빵집 만동제과 마늘바게트부터 카푸치노까지!,https://blog.naver.com/tarbi/223808145492,2025. 3. 27. 9:12,"베이글, 케이크"
2025,3,송도빵집 명인빵지순례1984 카스테라 두바이초콜릿 맛집,https://blog.naver.com/hsn083/223804203616,2025. 3. 21. 0:20,"마늘빵, 쿠키, 크루키, 두바이초콜릿, 깨찰빵, 맘모스빵, 단팥빵, 휘낭시에, 크루아상, 샌드위치, 찰빵, 화이트롤, 소금빵, 에그타르트"
2025,3,대전 성심당 딸기시루 막내 화이트 가격 웨이팅 빵지순례 데이트,https://blog.naver.com/ttltjsdla/223792657115,2025. 3. 11. 23:03,"빵값, 잠봉뵈르, 케이크"
2025,3,"부천카스테라 맛집, 명인빵지순례1984 반숙카스테라 추천",https://blog.naver.com/gkduwls863/223788495694,2025. 3. 8. 12:05,"쿠키, 케이크, 푸딩, 빵값, 약과, 계란빵"
2025,3,부산 빵지순례 먹거리 가득한 빵집 유수베이커리 온천장 카페 주차장 OK,https://blog.naver.com/soh109/223782809681,2025. 3. 4. 9:21,"쿠키, 빵매, 맘모스빵, 운빵, 소금빵, 단팥빵, 크루아상, 샌드위치, 건빵, 쌀빵, 찰빵, 도넛, 호밀빵, 베이글, 제과제빵"
2025,3,오션뷰 강화도 카페 빵지순례 인천 강화도 갈만한곳 일몰 명소,https://blog.naver.com/hloveh01/223778739103,2025. 3. 1. 0:12,"스콘, 쿠키, 프레첼"
2025,3,대전 성심당 빵지순례 맛있는 전국3대빵집 DCC점,https://blog.naver.com/angel100406/223805620962,2025. 3. 22. 7:47,"소보로빵, 찐빵, 케이크"
2025,3,대전 성심당 본점 - 내부인 빵지순례 NO.1,https://blog.naver.com/skelton6686/223809570784,2025. 3. 25. 19:24,
2025,3,영월역 빵집 맛집 빵지순례 영월 소금빵,https://blog.naver.com/hongsue_/223804073559,2025. 3. 20. 22:09,소금빵
2025,3,"서울 망원동 소금빵 빵지순례 맛집, 밀로밀",https://blog.naver.com/pigprincessofpigland/223798086516,2025. 3. 19. 6:00,"소금빵, 버터빵"
2025,3,제주도 서귀포 카페 서귀피안베이커리 제주 빵집 빵지순례,https://blog.naver.com/hyoyeol/223796161509,2025. 3. 14. 18:14,"케이크, 크루아상, 샌드위치, 팡도르, 베이글, 앙버터"
2025,3,전주 노티드 딸기 신메뉴 신상 딸기 디저트 빵지순례,https://blog.naver.com/kwonakong/223787215561,2025. 3. 7. 11:22,"타르트, 케이크, 피스타치오, 수건케이크, 도넛, 소금빵"
2025,3,서울 빵지순례:) 고척동 수밀블랑제리(또간집),https://blog.naver.com/bluenote0415/223761512704,2025. 3. 14. 0:10,"샌드위치, 소금빵"
2025,3,춘천 당일치기 여행 대원당 맛있는 빵집 빵지순례,https://blog.naver.com/ttpttl2002/223788461599,2025. 3. 8. 11:24,"처빵, 맘모스빵"
2025,3,빵지순례 안산 베이커리카페 디저트 천국 리모트플레이스,https://blog.naver.com/sonji76/223806317127,2025. 3. 22. 23:27,"샌드위치, 소금빵, 케이크"
2025,3,춘천 카페 추천 올데이스테이 현지인 또간집 빵지순례,https://blog.naver.com/june_be/223798905781,2025. 3. 17. 9:19,"베이글, 소금빵, 케이크"
2025,3,해운대 빵집 핫플 부산 빵지순례 후스후무무 베이커리 주차,https://blog.naver.com/houseone100/223781911521,2025. 3. 3. 15:18,"크루아상, 쿠키, 스콘"
2025,3,서귀포 빵집 제일성심당 내돈내산 후기 제주빵지순례,https://blog.naver.com/yungvely89/223807971399,2025. 3. 24. 15:06,"샌드위치, 케이크"
2025,3,제주 빵지순례 아베베 베이커리 제주도 핫플 지도,https://blog.naver.com/sarahavo/223809332337,2025. 3. 25. 15:58,"쿠키, 단팥빵, 피스타치오, 도넛, 소보루빵, 왕밤빵"
2025,3,광교 갤러리아 백화점 맛집 수원 오렌지베이글 빵지순례 데이트,https://blog.naver.com/0026_j/223780000683,2025. 3. 1. 22:34,"샌드위치, 베이글"
2025,3,대전 콜드버터 베이크샵 본점 - 내부인 빵지순례 NO.3,https://blog.naver.com/skelton6686/223812191745,2025. 3. 27. 21:27,"소금빵, 에그타르트, 휘낭시에, 파이"
2025,3,영천여행 빵지순례 웨이팅맛집 밀방앗간옆빵집,https://blog.naver.com/eses1318/223797490385,2025. 3. 15. 23:36,"스콘, 마들렌"
2025,3,"빵긋빵긋 웃게 만드는, 국내 빵지순례 성지 4곳",https://blog.naver.com/amyangela/223788642515,2025. 3. 8. 15:02,"맘모스빵, 샌드위치, 단팥빵, 케이크"
2025,3,"서울 망원동 빵집 빵지순례 맛집, 어글리 베이커리",https://blog.naver.com/pigprincessofpigland/223798085661,2025. 3. 18. 6:00,맘모스빵
2025,3,경기도 광주 실내 가볼만한곳 제주베어하우스 빵지순례 여행,https://blog.naver.com/haeroo/223792471490,2025. 3. 11. 19:59,"크루아상, 베이글"
2025,3,성심당만 가? 충남 빵지순례 천안 빵돌가마마을 뚜쥬루,https://blog.naver.com/hoff_/223785141482,2025. 3. 5. 23:54,"케이크, 메론빵"
2025,3,도쿄 자유여행 도쿄 긴자 빵지순례 긴자 기무라야 단팥빵 원조,https://blog.naver.com/parangusl_/223809843639,2025. 3. 26. 12:00,"단팥빵, 소금빵, 팥빵, 경주빵"
2025,4,부산 해운대 베이커리(빵집) 빵지순례ㅣ후스후무무,https://blog.naver.com/jj602420/223829087253,2025. 4. 10. 23:08,"쿠키, 크루아상, 스콘, 소금빵, 잠봉뵈르"
2025,4,서울 빵지순례 필수코스 동대입구역 빵집 태극당 후기,https://blog.naver.com/summr1213/223806698834,2025. 4. 2. 0:00,"까눌레, 쿠키, 단팥빵, 마들렌, 크루아상, 샌드위치, 팥빵, 소금빵, 버터빵, 앙버터"
2025,4,후쿠오카 3대 빵집 빵지순례 후 미나 텐진 쇼핑 대잔치,https://blog.naver.com/easy_zero/223841134056,2025. 4. 21. 10:00,"코페빵, 샌드위치, 소금빵, 도넛"
2025,4,강릉 빵집 중앙시장 베이커리 맛집 만동제과 빵지순례,https://blog.naver.com/afternoon_garden/223851658017,2025. 4. 30. 23:13,"베이글, 소보로빵"
2025,4,대구 빵지순례 필수코스 칠곡3지구빵집 아침을 기다리는 빵,https://blog.naver.com/deatonparadox/223838141164,2025. 4. 17. 23:58,"츄러스, 베이글, 케이크"
2025,4,강화도 카페 프라이빗 반려견동반 애견카페 빵지순례,https://blog.naver.com/nailstan/223827955530,2025. 4. 9. 23:49,"제빵, 소금빵, 에그타르트, 피스타치오"
2025,4,제주 빵지순례 rnr 베이커리 한림 빵집,https://blog.naver.com/trueloveu/223848372872,2025. 4. 28. 8:00,"크루아상, 샌드위치, 건빵, 잠봉뵈르"
2025,4,대구 빵지순례 인터불고 호텔 베이커리 대인베짱,https://blog.naver.com/no1special/223847927725,2025. 4. 28. 6:50,"마늘빵, 케이크, 단팥빵, 소금빵, 크루아상, 샌드위치, 츄러스, 베이글, 감자빵"
2025,4,대구빵지순례 중 가장 기억에 남은 대구동성로디저트 맛집,https://blog.naver.com/byebyek/223843277633,2025. 4. 23. 3:10,"프레첼, 케이크, 소금빵, 피스타치오, 스콘, 베이글"
2025,4,부산역 유명 빵집 초량온당 웨이팅 부산 빵지순례 맛집 후기,https://blog.naver.com/oyssoa/223839688557,2025. 4. 19. 14:58,"타르트, 쿠키, 푸딩, 맘모스빵, 소금빵, 팥빵, 베이글, 빵틀"
2025,4,사당역 이수역 베이커리 카페 블랑제리르팡 서울 빵지순례 다녀왔어요,https://blog.naver.com/berry83/223823343473,2025. 4. 5. 21:13,"쿠키, 프레첼, 케이크, 바나나빵, 샌드위치, 쌀빵, 빵맛, 스콘, 베이글"
2025,4,천안 뚜쥬르 아닌 뚜쥬루 빵돌가마 돌가마점 빵지순례 필수코스,https://blog.naver.com/ejy729/223851629677,2025. 4. 30. 22:50,"빵돌, 빵맛, 케이크"
2025,4,대전 성심당 샌드위치 정거장 빵지순례 빵투어,https://blog.naver.com/bookey3/223849551865,2025. 4. 29. 8:31,"샌드위치, 야끼소바빵, 잠봉뵈르"
2025,4,대전 성심당 본점 주차 빵지순례 유명 빵집 추천 메뉴,https://blog.naver.com/0watergirl0/223838132970,2025. 4. 17. 23:49,"샌드위치, 잠봉뵈르, 케이크"
2025,4,서울 빵지순례 선정릉 카페 핫코베이커리 솔직후기,https://blog.naver.com/summr1213/223815797655,2025. 4. 9. 0:00,"고구마빵, 케이크, 카레빵, 단팥빵, 빵값, 메론빵, 마들렌, 퀸아망, 소금빵, 에그타르트, 소보로빵"
2025,4,성심당 롯데백화점 대전점 메뉴 케익부띠끄 리뉴얼 빵지순례,https://blog.naver.com/ttltjsdla/223822038523,2025. 4. 5. 0:00,"케이크, 피스타치오, 마들렌, 크루아상, 샌드위치, 잠봉뵈르"
2025,4,제주 빵집 공항 근처 빵지순례 맛집 베이커리온유,https://blog.naver.com/itnamu/223846682356,2025. 4. 26. 6:10,"마늘빵, 쿠키, 타르트, 케이크, 맘모스빵, 샌드위치, 빵맛, 소금빵"
2025,4,"여수 빵지순례 여행 기념품 선물, 이순신광장 갓버터도나스 귀감 포장",https://blog.naver.com/oh_saxophone/223829006696,2025. 4. 10. 21:46,"약과, 도넛, 파이"
2025,4,강릉 카페 빵지순례 오션뷰 바다카페,https://blog.naver.com/nailstan/223818979579,2025. 4. 2. 11:05,"타르트, 케이크, 피스타치오, 크루아상, 찰빵, 팡도르, 베이글, 에그타르트"
2025,4,"부산 빵지순례 후스후무무 베이커리 맛집(주차정보,메뉴 추천)",https://blog.naver.com/mhmh0713/223837636051,2025. 4. 17. 16:18,"파이, 소금빵, 쿠키, 스콘"
2025,4,군산 이성당 추천 빵지순례 전북가볼만한곳 군산여행 코스,https://blog.naver.com/lsh5755/223828540443,2025. 4. 10. 14:28,"크루아상, 맘모스빵, 단팥빵"
2025,4,제주 애월 카페 대형 베이커리 카페 제주도 빵지순례 애월읍 제주당 후기,https://blog.naver.com/sidesnack/223818015148,2025. 4. 1. 21:08,"호박빵, 고구마빵"
2025,4,일본 후쿠오카 여행 코스 3대 빵집 텐진 mills 트러플 베이커리 빵지순례,https://blog.naver.com/lieni67/223844841329,2025. 4. 24. 12:54,"크루아상, 샌드위치, 도넛, 코페빵, 소금빵"
2025,4,통영 빵지순례 통영원조꿀빵1959 최초로 꿀빵 만든 집,https://blog.naver.com/hapy_yeni_day/223821359162,2025. 4. 3. 23:22,꿀빵
2025,4,제주 빵집 빵지순례 베이커리 맛집 베이커리온유,https://blog.naver.com/wnfusmlekd/223848726222,2025. 4. 28. 14:04,"쿠키, 타르트, 케이크, 빵수니, 휘낭시에, 마들렌, 파이, 소금빵"
2025,4,해운대 빵집 부산현지인이 적극 추천하는 빵지순례 김정욱쌀빵,https://blog.naver.com/deatonparadox/223834660574,2025. 4. 15. 23:58,"샌드위치, 쌀빵, 팥빵"
2025,4,경북 문경 점촌점빵길 빵축제 대구 경북 빵지순례 여행,https://blog.naver.com/sunnyssam73/223847557389,2025. 4. 27. 9:13,"점빵, 점빵길, 케이크, 소금빵, 빵키, 석콘빵, 스콘, 베이글"
2025,4,속초 유명 빵집 베이커리 가루 뉴욕제과 빵지순례 솔직히,https://blog.naver.com/0026_j/223831446301,2025. 4. 13. 11:36,"케이크, 단팥빵, 크룽지, 찰빵, 쌀빵, 도넛, 찐빵, 소금빵, 공갈빵, 소보로빵"
2025,4,빠이팅 빵이팅 해운대 웨이팅 빵지순례,https://blog.naver.com/bexcoblog/223829426440,2025. 4. 11. 10:05,"쿠키, 빵이팅, 빵류, 파이, 피스타치오, 도넛, 스콘, 소금빵, 앙버터"
2025,4,"성심당 본점.샌드위치정거장 ,대전역 성심당~ 대전 빵지순례",https://blog.naver.com/mimi030630/223822931855,2025. 4. 5. 12:06,"단팥빵, 약과, 샌드위치, 파이, 밤빵, 잠봉뵈르"
2025,4,문경 여행 점촌점빵길 빵축제 빵지순례,https://blog.naver.com/finemj2/223847622069,2025. 4. 27. 11:07,"케이크, 소금빵, 점빵길"
2025,4,부산 빵지순례 자연도 소금빵 내돈내산 솔직 후기,https://blog.naver.com/hongsue_/223833460585,2025. 4. 15. 8:10,소금빵
2025,4,군산 가볼만한곳 이성당 주차 빵 추천 빵지순례,https://blog.naver.com/l_b_v/223850950083,2025. 4. 30. 11:48,"단팥빵, 샌드위치, 케이크, 메론빵"
2025,4,영등포구청빵집 빵지순례 하고 왔던 셰프의아이들,https://blog.naver.com/ssongjiyo/223822382714,2025. 4. 21. 6:30,"케이크, 휘낭시에, 샌드위치, 스콘, 소금빵, 앙버터"
2025,4,대구빵지순례 대구 베이커리 인터불고호텔 대인베짱,https://blog.naver.com/viva_eva/223847431307,2025. 4. 27. 2:22,"케이크, 단팥빵, 파이, 피스타치오, 크루아상, 샌드위치, 도넛, 스콘, 빵쟁이, 소금빵, 잠봉뵈르, 빵빵"
2025,5,제주빵지순례 정통 독일식 비건빵 단송레서피,https://blog.naver.com/whoabc/223859442104,2025. 5. 8. 21:36,"건빵, 밀빵, 호밀빵"
2025,5,"망원동 빵지순례 후와후와 오픈런, 웨이팅, 샌드 추천",https://blog.naver.com/party_tasty/223863131424,2025. 5. 12. 16:13,"소금빵, 쫀득빵, 피스타치오, 샌드위치, 베이글"
2025,5,[대전여행빵집] 빵지순례 치즈 카스테라 맛집 베이커리 카페 '하레하레',https://blog.naver.com/mirgael/223864981692,2025. 5. 14. 8:29,"쿠키, 케이크, 깨찰빵, 맘모스빵, 파이, 소금빵, 단팥빵, 휘낭시에, 샌드위치, 프레첼, 스콘, 베이글, 에그타르트"
2025,5,부산 빵지순례 광안리 빵집 원웨이브레드,https://blog.naver.com/hanbada_02/223854771131,2025. 5. 4. 8:30,"소금빵, 빵값, 토스트"
2025,5,제주공항근처빵집 콜롱주 빵지순례 필수 코스,https://blog.naver.com/goldjin__/223864747037,2025. 5. 13. 23:36,"크루아상, 타르트, 쿠키"
2025,5,부산 빵지순례 올선데이 광안점 웨이팅 빵집,https://blog.naver.com/lemon8363/223858645849,2025. 5. 26. 7:00,"베이글, 앙버터"
2025,5,대전 빵지순례 정동문화사 오픈런 웨이팅 후기,https://blog.naver.com/teavy/223859460734,2025. 5. 8. 21:57,"까눌레, 타르트, 휘낭시에, 츄러스, 에그타르트"
2025,5,안동여행 빵지순례 맘모스 베이커리 본점 평일 후기,https://blog.naver.com/starstory16/223874472524,2025. 5. 22. 19:16,"케이크, 빵류, 맘모스빵, 단팥빵, 빵처런, 초코소라빵, 마들렌, 도넛, 소보로빵"
2025,5,인천 계양구 빵지순례 베이커리 카페,https://blog.naver.com/gyeyang_gu/223864000679,2025. 5. 13. 11:29,"쿠키, 케이크, 푸딩, 단팥빵, 제빵, 샌드위치, 제빵사, 소금빵, 앙버터"
2025,5,제주 3대 빵집 아라파파 빵지순례 추천,https://blog.naver.com/roah-/223868889554,2025. 5. 17. 19:38,"쿠키, 토스트, 파이, 단팥빵, 마들렌, 크루아상, 팥빵, 스콘, 소금빵, 에그타르트, 앙버터"
2025,5,제주도 빵지순례 빵집 제일 성심당,https://blog.naver.com/jhb916/223873618753,2025. 5. 22. 1:54,"케이크, 쌀빵, 도넛, 스콘, 빵안, 찐빵"
2025,5,제주 빵집 추천 제주도 빵지순례 맛집 플랜트827과 월평꽃시장,https://blog.naver.com/greek_trick/223880695340,2025. 5. 28. 14:11,"소금빵, 프레첼"
2025,5,베이커리 온유 제주빵지순례 후기,https://blog.naver.com/mylovetenka/223855754780,2025. 5. 5. 10:34,"샌드위치, 빵맛, 케이크, 마들렌"
2025,5,대구 빵지순례 대인베짱 호텔 인터불고 신상 베이커리 빵 맛집,https://blog.naver.com/red_gg0_ma/223883195576,2025. 5. 30. 16:26,"케이크, 단팥빵, 소금빵, 크루아상, 제빵, 샌드위치, 베이글"
2025,5,충남 천안 빵지순례 뚜쮸르 빵돌가마마을 베이커리 카페,https://blog.naver.com/dubungstory/223870958624,2025. 5. 19. 21:23,"빵돌, 쿠키, 케이크"
2025,5,제주 서귀포 빵지순례 보룡제과 - 추억의 동네 빵집 + 가격,https://blog.naver.com/perfect62/223851880090,2025. 5. 1. 7:02,"마늘빵, 타르트, 쑥깨찰빵, 고구마빵, 케이크, 토스트, 맘모스빵, 소금빵, 메론빵, 호박빵, 화이트롤, 파이, 찰밤빵, 베이글, 에그타르트, 공갈빵, 잠봉뵈르, 앙버터"
2025,5,부산 해운대 빵지순례 베이커리 카페 후스후무무,https://blog.naver.com/smilly07/223853895885,2025. 5. 3. 15:00,"쿠키, 소금빵, 에그타르트"
2025,5,대전 빵지순례:) 바잇첼 둔산점,https://blog.naver.com/bluenote0415/223870189763,2025. 5. 23. 0:00,"끝빵, 프레첼"
2025,5,송도카페 인천 빵지순례 추천 빵집 안스베이커리송도점,https://blog.naver.com/hsn083/223878512346,2025. 5. 26. 17:36,"까눌레, 쿠키, 타르트, 토스트, 단팥빵, 파이, 소금빵, 피스타치오, 마들렌, 크루아상, 샌드위치, 소보로빵, 도넛, 스콘, 베이글, 에그타르트, 앙버터"
2025,5,속초 빵지순례는 소금빵맛집 히응커피에서 시작하세요.,https://blog.naver.com/narasie/223859472298,2025. 5. 8. 22:10,"샌드위치, 소금빵, 쿠키"
2025,5,대전 여행 빵지 순례 대전 성심당 롯데백화점 망고시루,https://blog.naver.com/jejusilencer/223878551150,2025. 5. 26. 18:08,"타르트, 샌드위치, 야끼소바빵, 소금빵, 잠봉뵈르"
2025,5,용인 대형카페 빵지순례 매지구름 다녀왔어요!,https://blog.naver.com/yozoh1201/223860685507,2025. 5. 9. 23:16,"타르트, 소금빵, 스콘, 베이글, 에그타르트"
2025,5,대구 빵지순례 빵집 인터불고 호텔 대인베짱 베이커리,https://blog.naver.com/lemon8363/223877764967,2025. 5. 26. 12:40,"타르트, 케이크, 단팥빵, 샌드위치, 호밀빵, 스콘, 소금빵"
2025,5,청주 빵지순례 우소빵 전국소금빵맛집으로 가자(ft.추천빵3),https://blog.naver.com/funnyyj/223871002447,2025. 5. 19. 22:06,"빵안, 소금빵, 빵존맛, 빵맛"
2025,5,부산 빵지순례 금정사계 숲뷰 멋진 베이커리 카페 이흥용과자점,https://blog.naver.com/ddawndew/223869743225,2025. 5. 18. 20:38,"까눌레, 케이크, 푸딩, 소금빵, 베이글, 보빵"
2025,5,여수 여행 먹거리 이순신광장 빵지순례 BEST 3,https://blog.naver.com/zzxx2424/223879526509,2025. 5. 27. 14:44,"약과, 소금빵, 제과제빵"
2025,5,런던베이글뮤지엄 제주 주차 웨이팅 메뉴 추천 제주도빵지순례,https://blog.naver.com/youn_dh/223881216375,2025. 5. 28. 22:26,"샌드위치, 베이글"
2025,5,"군산 카페 이성당 빵 추천, 빵지순례 웨이팅 꿀팁",https://blog.naver.com/00sweetlove/223872741568,2025. 5. 21. 11:18,"쿠키, 케이크, 단팥빵, 메론빵, 샌드위치, 프레첼, 소보로빵"
2025,5,빵집 말고 빵마을이라고 빵지순례 천안 뚜쥬루,https://blog.naver.com/redrain1232/223868525563,2025. 5. 17. 11:01,"쿠키, 도넛"
2025,5,부천 빵집 맛집 베이커리호프에서 빵지순례 다녀온 후기,https://blog.naver.com/ladyndeok/223872109625,2025. 5. 20. 20:11,"베이글, 소금빵, 케이크, 스콘"
2025,5,전주 빵지순례 평화와평화 휘낭시에 디저트 카페,https://blog.naver.com/daily_kelly/223863364885,2025. 5. 12. 19:51,"피스타치오, 휘낭시에, 도넛"
2025,5,동탄베이커리 수원빵지순례 그곳 하얀풍차제과점 동탄역점,https://blog.naver.com/songhee2107/223877498184,2025. 5. 25. 23:09,"쿠키, 케이크, 맘모스빵, 샌드위치, 스콘, 소금빵"
2025,5,서울 3대크루아상 판교 분당카페 플링크 빵지순례,https://blog.naver.com/euni_17093/223859613544,2025. 5. 9. 1:00,"크루아상, 휘낭시에, 파이"
2025,5,충북에서 꼭 가봐야 할 빵지순례 코스! 로컬 추천 빵집 8곳,https://blog.naver.com/cbkb21/223866133852,2025. 5. 15. 8:55,"마늘빵, 케이크, 단팥빵, 크루아상, 제빵, 샌드위치, 건빵, 계란빵, 프레첼, 소금빵, 버터빵"
2025,5,강원도 동해 빵지순례 동해제빵소 감자빵,https://blog.naver.com/sandcastle44/223868241647,2025. 5. 17. 0:16,"쿠키, 고구마빵, 크루아상, 제빵, 소금빵, 감자빵"
2025,6,빵지순례 대전 성심당 DCC 영업시간 망고시루 케이크 가격 주말 방문 오픈런 구입기,https://blog.naver.com/crom234/223913061986,2025. 6. 27. 0:16,"빵줄, 케이크, 초코소라빵, 샌드위치, 야끼소바빵"
2025,6,"제주도 :: 제주 빵지순례 연습편, 공항근처 카페 (고도 | 바솔트 | 팔즈 | 우무)",https://blog.naver.com/myspringnight/223907637849,2025. 6. 22. 14:07,"쿠키, 케이크, 푸딩, 돌빵, 마들렌"
2025,6,군산 이성당 빵지순례 단팥빵 추천 웨이팅 팁,https://blog.naver.com/bookey3/223900563755,2025. 6. 16. 8:34,"케이크, 맘모스빵, 단팥빵, 메론빵, 소보로빵, 빵빵"
2025,6,대전 빵지순례 맛집 유성 지족동 꾸드뱅 넓은 취식공간을 갖춘 빵 맛집,https://blog.naver.com/hodudaily/223905712497,2025. 6. 20. 13:05,"쿠키, 케이크, 휘낭시에, 마들렌, 크루아상, 샌드위치, 프레첼, 스콘, 소금빵, 에그타르트"
2025,6,서울 가산 우뺑 빵집 크로아상 휘낭시에 에그타르트 빵지순례,https://blog.naver.com/lovableje/223893803240,2025. 6. 9. 21:51,"타르트, 푸딩, 휘낭시에, 크루아상, 소금빵, 에그타르트"
2025,6,전주 디저트 초코파이 기념품 풍년제과 빵지순례,https://blog.naver.com/rdal89/223892548298,2025. 6. 19. 18:10,
2025,6,대전 빵지순례 여기 카스테라 먹는다면서?,https://blog.naver.com/k940425/223892018838,2025. 6. 8. 8:29,소금빵
2025,6,부산 빵지순례 해운대 베이커리카페 [후스후무무],https://blog.naver.com/myeong_eun12/223894639783,2025. 6. 10. 15:29,"소금빵, 쿠키, 케이크, 스콘"
2025,6,안동 빵지순례 맘모스제과 빵 추천 및 주말 방문 후기,https://blog.naver.com/ggm0724/223910890965,2025. 6. 25. 10:02,"케이크, 맘모스빵, 도넛, 휘낭시에"
2025,6,전남 담양 카페 트루와지엠 웨이팅 오픈런 핫플 예약 빵지순례 먹거리 드라이브 데이트...,https://blog.naver.com/gkgk319/223895074329,2025. 6. 10. 22:50,"샌드위치, 잠봉뵈르"
2025,6,제주 아베베 베이커리 웨이팅 추천메뉴 빵지순례 필수코스,https://blog.naver.com/dudtjsdh159/223893248438,2025. 6. 9. 13:33,"도넛, 빵피"
2025,6,"송도 빵집 인천 빵지순례 '베이커리율교' 내돈내산 후기 :: 웨이팅, 종류, 가격",https://blog.naver.com/wjddk0124/223888569790,2025. 6. 4. 18:01,"크룽지, 스콘"
2025,6,원주 고래호수 카페 빵지순례 당일치기 드라이브 갈만한곳,https://blog.naver.com/from____ming/223898303452,2025. 6. 13. 17:50,베이글
2025,6,가산디지털단지역 카페 아로케 서울 데이트코스 빵지순례,https://blog.naver.com/trip_ayeonny/223887187375,2025. 6. 3. 14:16,"크루아상, 단팥빵, 베이글, 소금빵"
2025,6,인스타 대구 빵지 순례 수성구 호텔인터불고 베이커리 대인베짱 빵집 후기,https://blog.naver.com/ajdajddl5/223892446634,2025. 6. 8. 18:42,"케이크, 단팥빵, 소금빵, 크루아상, 샌드위치, 베이글"
2025,6,전주 디저트 카페 빵지순례 먹거리 르뤼땡블랑제리,https://blog.naver.com/ducktree2/223897737777,2025. 6. 13. 9:34,"크루아상, 샌드위치, 소금빵, 버터빵"
2025,6,해운대 핫플 클라우드 미포 속 부산 빵지순례 명소 베이커스 박스,https://blog.naver.com/mamybebe/223911032870,2025. 6. 25. 11:57,
2025,6,부산 빵지순례 클라우드 미포 해운대 빵집 베이커스박스,https://blog.naver.com/2ski2/223912416365,2025. 6. 26. 14:14,"크루아상, 샌드위치, 타르트, 잠봉뵈르"
2025,6,대구 카페 빵지순례에 빠질 수 없는 근대골목단팥빵 본점,https://blog.naver.com/shydrax/223899738919,2025. 6. 15. 10:46,단팥빵
2025,6,대구 빵지 순례 신상 대구 빵맛집 인터불고 호텔 대인베짱,https://blog.naver.com/vgomugomv/223886121018,2025. 6. 3. 8:00,"타르트, 쿠키, 케이크, 빵류, 단팥빵, 크루아상, 샌드위치, 팥빵"
2025,6,대구 빵지순례 빵맛집 추천 박기태명장의 장수당,https://blog.naver.com/dlwngml5351/223905271035,2025. 6. 21. 0:00,"제빵, 단팥빵, 샌드위치"
2025,6,인천 송도빵집 에르제 빵지순례 베이커리 추천,https://blog.naver.com/hsn083/223913045975,2025. 6. 26. 23:59,"까눌레, 쿠키, 피스타치오, 휘낭시에, 크루아상, 샌드위치, 건빵, 호밀빵, 스콘, 소금빵, 잠봉뵈르"
2025,6,부산 빵지순례 유명빵집 - 초량온당,https://blog.naver.com/skelton6686/223911201656,2025. 6. 25. 14:27,"맘모스빵, 소금빵"
2025,6,여수 여행 기념품 빵지순례 필수 코스 꼬북샌드,https://blog.naver.com/0watergirl0/223914788211,2025. 6. 28. 17:04,
2025,6,대구 빵지순례 끝판왕 인터불고 호텔 대인베짱 단팥빵,https://blog.naver.com/haree42/223887750767,2025. 6. 4. 1:37,"케이크, 단팥빵, 초코소라빵, 크루아상, 샌드위치, 도넛, 제빵사, 소금빵"
2025,6,압구정역 조용한 카페 서울 빵지순례 맛집 달링 베이커리,https://blog.naver.com/plesure1014/223908614889,2025. 6. 23. 13:21,"토스트, 케이크, 마들렌, 샌드위치, 빵등, 소금빵, 에그타르트"
2025,6,부산 빵지순례 맛집 해운대 베이커리 카페 클라우드미포 베이커스박스,https://blog.naver.com/jihye0111/223913005424,2025. 6. 26. 23:15,"크루아상, 퀸아망"
2025,6,대구 경산 빵집 그리다빵 영남대본점 영남대 빵지순례,https://blog.naver.com/rkdo38/223900999930,2025. 6. 16. 15:09,"샌드위치, 소금빵, 케이크"
2025,6,부산빵지순례 베이커스박스 클라우드미포를 아직 안가봤다구,https://blog.naver.com/ryuji1209/223908911738,2025. 6. 23. 17:12,
2025,6,여수 빵지순례 먹거리 갓버터도나스 부모님이 좋아하시는 여행 선물,https://blog.naver.com/ohjug/223906797732,2025. 6. 21. 13:58,도넛
2025,6,군산 이성당 주차장 먹거리 빵지순례 여행코스,https://blog.naver.com/ducktree2/223913669787,2025. 6. 27. 14:41,"까눌레, 단팥빵, 케이크"
2025,6,담양 빵집 베이커리 카페 베비에르 빵지순례,https://blog.naver.com/firehouse79/223901390322,2025. 6. 16. 21:05,"고구마빵, 토스트, 소금빵, 파이, 베이글"
2025,6,해운대 카페 추천 클라우드미포 베이커스박스 부산 빵지순례,https://blog.naver.com/projsh77/223916931606,2025. 6. 30. 18:51,"크루아상, 샌드위치, 피스타치오"
2025,6,여수 빵지순례 먹거리 소금빵 달인의 이순신광장 맛집,https://blog.naver.com/lee_karam65/223911865080,2025. 6. 26. 1:12,"소금빵, 앙버터"
2025,6,강릉 중앙시장 맛있는 빵집 만동제과 빵지순례,https://blog.naver.com/realjaekyo/223914459740,2025. 6. 28. 9:33,베이글
2025,7,수원 빵지순례 스타필드 런던베이글뮤지엄 위치 웨이팅,https://blog.naver.com/messier1212/223943883815,2025. 7. 23. 10:50,"샌드위치, 베이글, 프레첼"
2025,7,대구빵지순례 필수 코스 빵관심 다녀온 후기,https://blog.naver.com/jinsk25/223925036058,2025. 7. 7. 18:30,"케이크, 소금빵, 피스타치오, 샌드위치, 프레첼, 제빵사, 베이글, 앙버터"
2025,7,"군산여행 이성당 빵지순례 야채빵, 단팥빵 솔직 후기!",https://blog.naver.com/qcdxxx/223944616400,2025. 7. 23. 21:39,"단팥빵, 감자빵"
2025,7,문래 입허전 주차 서울 빵지순례 추천하는 이유,https://blog.naver.com/wldmssnla1/223863020941,2025. 7. 5. 6:00,"까눌레, 쿠키, 휘낭시에, 샌드위치, 프레첼, 잠봉뵈르"
2025,7,대구 빵 맛집 빵지순례 북성로 카페 추천 놀스 베이커리,https://blog.naver.com/ejr8806/223926255086,2025. 7. 8. 15:56,"크루아상, 샌드위치, 소금빵, 휘낭시에"
2025,7,김해 대형카페 에스나인 빵지순례 베이커리 맛집,https://blog.naver.com/projsh77/223931835925,2025. 7. 13. 12:15,"단팥빵, 소금빵, 케이크, 파이"
2025,7,대전 여행 #15 성심당 본점 빵지순례 중앙로 지하상가 코스,https://blog.naver.com/trueloveu/223927075162,2025. 7. 9. 10:00,"케이크, 빵가루, 크루아상, 퀸아망, 파이, 찐빵"
2025,7,빵지순례 대전 성심당 DCC점 망고시루 & 브런치,https://blog.naver.com/sandcastle44/223925440089,2025. 7. 7. 23:42,"찐빵, 샌드위치, 케이크"
2025,7,태극당 본점 내돈대산 모나카 빵지순례 후기,https://blog.naver.com/windinss/223931953466,2025. 7. 13. 14:52,"케이크, 단팥빵, 빵임, 소금빵, 버터빵"
2025,7,제주 빵지순례 지도 제주도 빵집 아트인 명도암,https://blog.naver.com/jhb916/223943353757,2025. 7. 22. 22:05,샌드위치
2025,7,제주빵집 공항근처 빵지순례 베이커리온유,https://blog.naver.com/prmorning/223928904828,2025. 7. 10. 17:38,"쿠키, 케이크, 맘모스빵, 휘낭시에, 도넛, 베이글"
2025,7,제주 빵집 추천 제주도 공항근처 빵지순례 코스 플랜트827,https://blog.naver.com/g0heaven/223942971182,2025. 7. 22. 16:15,
2025,7,망원동 빵지순례 서울 에그타르트 맛있는 곳 졸리파이마켓 망원동 빵집 방문 후기,https://blog.naver.com/oyssoa/223923670372,2025. 7. 6. 14:17,"타르트, 피스타치오, 파이, 스콘, 에그타르트"
2025,7,제주도 공항 근처 제주 빵지순례 맛집 내돈내산 후기,https://blog.naver.com/millky84/223939785409,,
2025,7,여수 기념품 이순신광장 빵지순례 먹거리 꼬북샌드 베스트 조합,https://blog.naver.com/wlsdlsid_/223932201715,2025. 7. 13. 19:56,쿠키
2025,7,용인 대형카페 아리랑도원 빵지순례 빵맛집,https://blog.naver.com/memory1259/223945315536,2025. 7. 24. 13:27,"케이크, 개성주악, 단팥빵, 처빵, 소금빵, 에그타르트, 공갈빵"
2025,7,인천 송도 빵집 전국 빵지순례 베이커리 맛집 토모루 베이커리,https://blog.naver.com/rkswlwoddl84/223950087198,2025. 7. 28. 17:36,"소금빵, 에그타르트, 빵별, 스콘"
2025,7,대구 빵지순례 범어동 카페 솔트에버 소금빵맛집,https://blog.naver.com/sandy792/223917688454,2025. 7. 1. 11:06,소금빵
2025,7,여수 기념품 꼬북샌드 여수빵지순례 먹거리 이순신광장 디저트 맛집,https://blog.naver.com/hyuny127/223937748527,2025. 7. 18. 1:11,쿠키
2025,7,용인 베이커리 카페 딜라의정원 빵지순례,https://blog.naver.com/trueloveu/223940724987,2025. 7. 20. 21:40,
2025,7,제니 따라 빵지순례하기 연희동 피터팬1978 아기궁댕이빵,https://blog.naver.com/kh840310/223946784211,2025. 7. 25. 16:06,"쿠키, 케이크, 단팥빵, 샌드위치, 소금빵"
2025,7,서울 빵지순례 화이트리에 식빵 가격 서울 데이트 코스,https://blog.naver.com/anndam/223932088045,2025. 7. 13. 17:34,티슈식빵
2025,7,"구례 빵집 월인정원, 구례여행의 시작 빵지순례 천연효모빵 후기",https://blog.naver.com/sosodamdam__/223951796639,2025. 7. 30. 0:17,"단팥빵, 팥빵"
2025,7,부산 광안리 빵지순례 서희와제과 웨이팅과 메뉴 추천,https://blog.naver.com/joop336/223950002223,2025. 7. 28. 16:33,"빵류, 통팥빵"
2025,7,부산 빵지 순례 베이커스의 신메뉴 쿠키와 후르츠 산도,https://blog.naver.com/ganzzajang/223949704806,2025. 7. 28. 13:30,"쿠키, 케이크, 빵류, 샌드위치, 소금빵, 잠봉뵈르"
2025,7,"대전 성심당 DCC점 케이크 망고시루 광복절빵, 전국 빵지순례 1순위",https://blog.naver.com/foreverck/223932916039,2025. 7. 14. 12:03,"샌드위치, 베이글, 빵줄, 케이크"
2025,7,"[제주빵지순례] 마에스트로, 명장의 손길",https://blog.naver.com/djsej111/223947259205,2025. 7. 26. 0:11,"케이크, 단팥빵, 소금빵, 호박빵, 쌀빵, 소보루빵, 호밀빵, 베이글, 잠봉뵈르"
2025,7,제주 카페 중문 근처 제주도 빵지순례 나우카페,https://blog.naver.com/jeju8253/223926113566,2025. 7. 8. 14:14,소금빵
2025,7,부산역 근처 카페 베이커리 윤연당 빵지순례 성지 오픈,https://blog.naver.com/oytosk/223952950663,2025. 7. 30. 22:40,"밤팥빵, 타르트, 맘모스빵, 파이, 팥빵, 밤빵, 소금빵, 앙버터"
2025,7,제주도 서귀포 카페 빵지순례 나우 제주도카페 추천,https://blog.naver.com/nailstan/223951749999,2025. 7. 29. 23:27,"크루아상, 베이글, 소금빵, 앙버터"
2025,7,[부천 상동 빵집 맛집] 명인빵지순례1984에서 와이프와 데이트 ^^,https://blog.naver.com/c082300/223919221072,2025. 7. 2. 14:37,두바이초콜릿
2025,7,대전 갈마동 빵지순례 맛집 곳간집 예약 꿀팁,https://blog.naver.com/chicssuin/223951585969,2025. 7. 29. 20:36,"쿠키, 피스타치오, 파이"
2025,7,군산 이성당 야채빵 단팥빵 본점 분점 빵지순례 빵집,https://blog.naver.com/hn_bong/223927744914,2025. 7. 9. 19:08,"팥빵, 단팥빵, 쿠키, 케이크"
2025,7,가산디지털단지역 카페 분좋카 아로케 가산점 서울 빵지순례 존맛,https://blog.naver.com/gonny37/223931480694,2025. 7. 13. 18:00,"맘모스빵, 단팥빵, 소금빵, 퀸아망, 베이글"
2025,7,포항 이동 맛집 빵지 순례 투어 소금빵 명장 맛집 존맛,https://blog.naver.com/bodoru/223946661317,2025. 7. 25. 14:35,"크루아상, 빵나무, 소금빵"
2025,8,대전 빵집 꾸드뱅 추천 휘낭시에 오픈런 주차 빵지순례,https://blog.naver.com/104204303/223970706837,2025. 8. 14. 19:06,"타르트, 케이크, 휘낭시에, 마들렌, 크루아상, 소금빵, 에그타르트"
2025,8,소금빵 맛집 속초 빵지순례 히응커피 포장,https://blog.naver.com/ladyndeok/223973669803,2025. 8. 17. 23:18,"소금빵, 쿠키"
2025,8,대구 빵집 맛집 빵지순례 윈드윈베이커리 평일 주말 테이블링 웨이팅 후기,https://blog.naver.com/ejr8806/223957594575,2025. 8. 3. 21:41,"크루아상, 샌드위치, 팥빵, 밤빵, 스콘, 앙버터"
2025,8,부천 빵지순례 필수 코스 베이커리호프 느좋카페 부천빵집 추천,https://blog.naver.com/sponche/223980045705,2025. 8. 22. 22:53,"마늘빵, 프레첼, 토스트, 케이크, 푸딩, 단팥빵, 소금빵, 스콘, 베이글, 앙버터"
2025,8,연남동 빵집 빵지순례 버터베이커리,https://blog.naver.com/roah-/223960356545,2025. 8. 5. 23:39,"프레첼, 케이크, 파이, 휘낭시에, 크루아상, 샌드위치, 호밀빵, 스콘, 소금빵, 잠봉뵈르, 앙버터"
2025,8,대전 성심당 빵 추천 Best7 당일치기 빵지순례,https://blog.naver.com/vlfldk/223981284685,2025. 8. 24. 10:06,"케이크, 퀸아망"
2025,8,제주 빵집 추천 빵지순례 제주도 빵집 함덕 오드랑베이커리,https://blog.naver.com/bingohwan/223976470622,2025. 8. 20. 7:00,"타르트, 쿠키, 케이크, 단팥빵, 마들렌, 샌드위치, 스콘, 에그타르트"
2025,8,부산 빵 맛집 빵지순례 여행 선물 무조건 부산당,https://blog.naver.com/mansaa/223985894204,2025. 8. 28. 0:12,"까눌레, 쿠키, 프레첼, 단팥빵, 파이, 휘낭시에, 마들렌, 크루아상, 샌드위치, 스콘"
2025,8,여수 빵지순례 빵집추천 피타베이커스 여수샌드,https://blog.naver.com/wl1971/223970736192,2025. 8. 14. 19:40,"프레첼, 왕팥빵, 소금빵, 파이, 베이글"
2025,8,영종도카페 을왕리 디저트98 인천 빵지순례 가볼만한곳,https://blog.naver.com/rokavirus/223955461620,2025. 8. 1. 20:02,"케이크, 빵빵, 도넛, 파이"
2025,8,제주 빵지순례 소문 자자했던 카페 브와두스 공항연동본점,https://blog.naver.com/kar_1024/223967481003,2025. 8. 12. 8:19,"타르트, 케이크, 맘모스빵, 단팥빵, 소금빵, 샌드위치, 스콘, 베이글, 에그타르트"
2025,8,대전 3대 빵집 빵지순례 필수코스 손수베이커리 제빵 국가대표 오너셰프가 운영하는 빵집,https://blog.naver.com/lhill1/223986368517,2025. 8. 28. 11:43,"맘모스빵, 메론빵, 크루아상, 제빵, 샌드위치, 야끼소바빵, 빵외, 소금빵, 에그타르트, 소보로빵"
2025,8,대전 정동문화사 주말 오픈런 웨이팅 에그타르트 맛집 빵지순례,https://blog.naver.com/104204303/223974896956,2025. 8. 18. 22:01,"까눌레, 타르트, 휘낭시에, 제빵, 에그타르트"
2025,8,부산 빵지순례 양정 엔칸토베이커리 가야 하는 이유,https://blog.naver.com/byuli55/223977934486,2025. 8. 21. 9:46,"까눌레, 휘낭시에, 마들렌, 소금빵, 에그타르트"
2025,8,"부산 해운대 요트투어 리버크루즈 빵지순례 (예약, 가격, 화장실)",https://blog.naver.com/jihye0111/223966760975,2025. 8. 11. 16:10,"샌드위치, 소금빵"
2025,8,강릉 빵집 추천 강문해변 근처 카페 빵지순례 두티,https://blog.naver.com/lyg902/223957483531,2025. 8. 3. 21:00,
2025,8,부천 식빵 맛집 빵지순례 참새보리식빵,https://blog.naver.com/dolpin815/223963437914,2025. 8. 8. 11:38,"제빵사, 소금빵"
2025,8,"서울, 송파 맛집ㅣ문정동 빵지순례 '그라동빵집'",https://blog.naver.com/orangeade35/223980378885,2025. 8. 24. 8:00,"샌드위치, 소금빵, 앙버터, 스콘"
2025,8,제주빵지순례 제주빵집 라온베이커리 남녕점,https://blog.naver.com/hjhj1214/223986981733,2025. 8. 28. 20:54,"케이크, 맘모스빵, 빵수니, 휘낭시에, 입빵, 쌀빵, 소금빵"
2025,8,천안 뚜쥬르 거북이빵 팥빙수 빵지순례 가볼만한곳,https://blog.naver.com/haeroo/223981789526,2025. 8. 24. 20:57,안빵
2025,8,대구 빵지순례 빵 맛집 이라서 또간집 브리에브레드,https://blog.naver.com/no1special/223957488937,2025. 8. 4. 6:50,"베이글, 소금빵, 스콘"
2025,8,"전국 3대빵집 대전 성심당 먹거리,핫플 빵지순례",https://blog.naver.com/samchun2g/223979135384,2025. 8. 22. 8:32,"찐빵, 빵진, 빵맛"
2025,8,해운대 빵집 추천! 비엔씨제과 해운대점 달콤한 부산 빵지순례후기,https://blog.naver.com/dorothy5995/223984471153,2025. 8. 26. 22:11,"쿠키, 파이, 소금빵, 피스타치오, 크루아상, 샌드위치, 팥빵, 도넛, 스콘, 베이글"
2025,8,꾸드뱅 지족점 대전빵지순례 추천 메뉴 총정리,https://blog.naver.com/kbsk990513/223973313020,2025. 8. 17. 16:18,"타르트, 케이크, 소금빵, 휘낭시에, 크루아상, 샌드위치, 파이, 제빵사, 베이글, 에그타르트, 앙버터"
2025,8,"여수 기념품, 이순신광장 빵지순례 카페 꼬북샌드",https://blog.naver.com/young9178/223968392568,2025. 8. 12. 21:46,
2025,8,빵지순례 핵심! 대전 성심당 대기줄 피하는 전략,https://blog.naver.com/angel100406/223981890044,2025. 8. 24. 22:47,"빵류, 약과, 케이크"
2025,8,청주 빵지순례 필수 코스 소금빵 맛집 우소빵 도청점,https://blog.naver.com/deepbluesung/223968467243,2025. 8. 12. 23:03,"샌드위치, 소금빵"
2025,8,대구 빵집 맛집 대구역 카페 놀스nolls 빵지순례,https://blog.naver.com/seonah14/223971286434,2025. 8. 15. 11:05,"샌드위치, 소금빵, 빵를"
2025,8,부산 빵지순례 추천 클라우드미포 신상핫플 해운대빵맛집 주차 메뉴 포장,https://blog.naver.com/jnm177/223989773595,2025. 8. 31. 13:52,"크루아상, 퀸아망, 파이"
2025,8,서울 빵지순례 아소토 베이커리 메론빵 을지로 빵집,https://blog.naver.com/obh1680/223959754516,2025. 8. 12. 7:00,"샌드위치, 베이글, 소금빵, 메론빵"
2025,8,순천 빵집 빵지순례 추천 조훈모과자점 연향점,https://blog.naver.com/wl1971/223976423615,2025. 8. 20. 2:08,"마늘빵, 밤빵, 쿠키, 타르트, 케이크, 단팥빵, 파이, 소금빵, 배빵, 크루아상, 호밀빵, 팥빵, 도넛, 스콘, 베이글, 에그타르트"
2025,8,대전 성심당 DCC점 샌드위치 케익부띠끄 전국3대빵집 빵지순례 평일,https://blog.naver.com/cotton2023/223972035454,2025. 8. 16. 6:19,"샌드위치, 소금빵, 잠봉뵈르, 케이크"
2025,8,종로빵집 빵지순례 시오팡야 광화문D타워점,https://blog.naver.com/dasolphoto/223986207334,2025. 8. 28. 9:31,"빵골, 소금빵, 쿠키, 제빵"
2025,8,[포항여행] 포항빵지순례_시민제과,https://blog.naver.com/jinjinlovely/223968312319,2025. 8. 12. 20:21,"쿠키, 타르트, 케이크, 단팥빵, 마들렌, 샌드위치, 파이, 소금빵, 에그타르트, 빵빵"
2025,8,목포 여행 코스 수요미식회 빵집 코롬방제과 빵지순례 가볼만한곳,https://blog.naver.com/indiy/223980751277,2025. 8. 23. 18:00,"쿠키, 케이크"
2025,9,대전 성심당 DCC점 빵지순례 주차장 줄 서는 핫플 명소,https://blog.naver.com/sodudl109/224024969961,2025. 9. 28. 22:17,"크루아상, 샌드위치, 케이크"
2025,9,대전 성심당 본점 빵 추천 빵지순례 웨이팅 후기 주차장까지,https://blog.naver.com/lee_song_/224027313719,2025. 9. 30. 17:20,"쿠키, 케이크, 단팥빵, 마들렌, 약과, 샌드위치, 야끼소바빵, 파이, 소금빵"
2025,9,천안빵지순례 뚜쥬르 빵돌가마 실내가볼만한곳,https://blog.naver.com/who_u_who/224007180973,2025. 9. 14. 8:39,"안빵, 케이크"
2025,9,"부산 해운대 빵지순례 라푀유 마린시티점 따끈한 소금빵, 페스츄리의 천국...",https://blog.naver.com/jj602420/224017304464,2025. 9. 22. 13:03,"크루아상, 약과, 소보로빵, 퀸아망, 스콘, 빵쟁이, 소금빵, 앙버터"
2025,9,서울 빵지순례 브랜뉴 하이몬드 천호 빵집,https://blog.naver.com/104204303/224005767373,2025. 9. 12. 21:20,"타르트, 케이크, 맘모스빵, 소금빵, 크루아상, 샌드위치, 베이글, 앙버터, 감자빵"
2025,9,제주공항 근처 카페 제주 빵지순례 플랜트827,https://blog.naver.com/taekwon4820/224012158190,2025. 9. 17. 23:21,"소금빵, 케이크"
2025,9,대전 유명 빵집 연선흠베이커리카페 내돈내산 빵지순례 맛집 후기 시그니처 빵 케이크,https://blog.naver.com/everybean/224012439797,2025. 9. 18. 7:44,"케이크, 맘모스빵, 샌드위치, 제빵사, 소금빵"
2025,9,여수 기념품 이순신광장 빵지순례 먹거리 꼬북샌드,https://blog.naver.com/trip_ayeonny/224016698547,2025. 9. 21. 23:28,쿠키
2025,9,여수 파란시 베이커리 빵지순례 돌산 대형 신상카페,https://blog.naver.com/onlyeunja/223990913803,2025. 9. 1. 13:03,빵맛
2025,9,하얀풍차제과점 온라인 디저트택배로 집에서 수원 빵지순례,https://blog.naver.com/missyouloveyou530/224020267640,2025. 9. 24. 16:57,"케이크, 빵류, 맘모스빵, 쫀득빵, 화이트롤, 소금빵"
2025,9,여수 빵지순례 추천 갓버터 도나스 선물로도 좋아요,https://blog.naver.com/rapatrip/224021875529,2025. 9. 25. 22:44,
2025,9,[블챌] 대전 빵지순례 코스 에그타르트 맛있는 빵집 빵순상점,https://blog.naver.com/maria5757/224020141246,2025. 9. 24. 15:25,"쿠키, 화이트롤, 스콘, 소금빵, 에그타르트, 빵잼"
2025,9,대구 빵지순례 수성구 빵집 맛집 인터불고호텔 대인베짱,https://blog.naver.com/osumorao/224000863129,2025. 9. 9. 9:39,"제빵, 케이크"
2025,9,빵지순례 남원 가볼만한곳 명문제과 빵나오는시간,https://blog.naver.com/ecko18/224015012454,2025. 9. 20. 9:04,"햄빵, 공갈빵, 빵구, 빵값"
2025,9,부산 구서동 빵집 르팡드윤 빵지순례 꼭 가볼집,https://blog.naver.com/ryuji1209/224015182458,2025. 9. 20. 12:38,"쿠키, 소라빵, 두바이초콜릿, 케이크, 단팥빵, 크루아상, 샌드위치, 제빵, 팡도르, 소금빵"
2025,9,전국 빵지순례 vol 1 남원 명문제과 여행 빵 나오는 시간,https://blog.naver.com/mori2010/223994229055,2025. 9. 3. 21:12,"햄빵, 햄빵이, 단팥빵"
2025,9,서울 빵지순례 맛집 서촌 빵집 가볼만한곳 효자베이커리,https://blog.naver.com/ekwellbeing/224015064048,2025. 9. 20. 10:16,"타르트, 케이크, 도넛, 베이글, 공갈빵"
2025,9,강릉 빵지 순례중 한곳인 강릉 중화짬뽕빵,https://blog.naver.com/shakebobby99/223994615480,2025. 9. 4. 7:42,
2025,9,"[블챌] 남원 명문제과, 풍자 또간집 1등맛집 전국구 빵지순례 명소 이용꿀팁 주차장",https://blog.naver.com/bakilhong66/224000732420,2025. 9. 9. 6:59,빵맛
2025,9,포항 남구 이동 브런치 카페 빵지순례 폴인브레드,https://blog.naver.com/starkimpt/224008716478,2025. 9. 15. 14:12,"크루아상, 샌드위치, 쿠키, 파이"
2025,9,대전 빵지순례 관저동 베이크오프 주말 오픈런 후기,https://blog.naver.com/dmglgl778/224022543885,2025. 9. 26. 14:03,"까눌레, 파이, 휘낭시에, 마들렌, 크루아상, 샌드위치, 스콘, 소금빵, 잠봉뵈르, 앙버터"
2025,9,빵지순례 내돈내산 아우어베이커리 별내점,https://blog.naver.com/hoinagga5/224003157376,2025. 9. 10. 22:22,"빵돈빵산, 빵슈니, 크루아상, 소금빵, 빵슈, 앙버터"
2025,9,포항 빵맛집 퀸즈 브레드 통감자호밀식빵부터 몽블랑까지 건강빵 인기 메뉴로 빵지순례,https://blog.naver.com/vix19/224023226807,2025. 9. 27. 2:20,"제빵, 케이크"
2025,9,천안 대형 카페 베이커리 빵지순례 굴뚝빵 데이트 코스 몽브,https://blog.naver.com/hihihim1/224001091333,2025. 9. 9. 12:32,"제빵, 피스타치오"
2025,9,인천 빵지순례 카페 백령샌드 백령도 자연마을 기념품,https://blog.naver.com/rdal89/224001546946,2025. 9. 10. 8:00,"샌드위치, 고구마빵, 마들렌"
2025,9,강릉 중앙시장 먹거리 디저트 강릉오빠 빵지순례 빵집 추천,https://blog.naver.com/jungunoh/224008102958,2025. 9. 15. 2:00,"마늘빵, 찰빵안, 케이크, 파이"
2025,9,[블챌] 대전 성심당 케익부띠끄 빵지순례 주차 정보,https://blog.naver.com/loveinchae/224001896348,2025. 9. 9. 23:48,"샌드위치, 찐빵"
2025,9,청주 빵지순례 선제빵소 단팥빵·우유크림빵 솔직후기,https://blog.naver.com/mamon08/223996677341,2025. 9. 5. 17:38,"쿠키, 빵소, 단팥빵, 소보루빵, 소금빵, 소보로빵"
2025,9,아산 하루베이커리 : 생활의달인 호두찰식빵 가루쌀빵지순례,https://blog.naver.com/r_______na/224020117039,2025. 9. 24. 15:07,"깨찰빵, 맘모스빵, 파이, 소금빵, 쌀빵, 팥빵, 스콘, 베이글"
2025,9,[블챌] 건대입구 빵집 릴리베이커리 건대 빵지순례 소금빵 허니버터 마늘빵 내돈내산 후기,https://blog.naver.com/everybean/224025284150,2025. 9. 29. 7:43,"까눌레, 마늘빵, 쿠키, 메론빵, 소금빵"
2025,9,[블챌] 수원 스타필드 맛집 수원 빵지순례 런던베이글뮤지엄 위치,https://blog.naver.com/ydl1/224006743012,2025. 9. 13. 20:28,"샌드위치, 베이글, 프레첼"
2025,9,"[블챌] 남원 명문제과, 풍자 또간집 1등맛집 전국구 빵지순례 명소 이용꿀팁 주차장 #2",https://blog.naver.com/bakilhong66/224000867872,2025. 9. 9. 9:43,"햄빵, 빵맛"
2025,9,부산 빵지순례 소금빵 맛집 베이커스 양정점,https://blog.naver.com/new_naeun/224006365888,2025. 9. 13. 12:46,"토스트, 소금빵, 크루아상, 샌드위치, 베이글"
2025,9,[블챌] 브릭베이글 웨이팅 주말 망원 빵지순례 후기,https://blog.naver.com/goflal15/224008003193,2025. 9. 14. 23:56,"두바이초콜릿, 케이크, 피스타치오, 요거트아이스크림, 샌드위치, 베이글"
2025,9,제니도 왔다! 서울빵지순례 연희동가볼만한곳 피터팬1978,https://blog.naver.com/diri_family/224022616425,2025. 9. 26. 15:00,"소금빵, 쿠키, 크룽지"
2025,10,성심당 본점 주차장 빵지순례 후 저녁해결,https://blog.naver.com/sarangchai_/224052455127,2025. 10. 25. 6:40,"소보로빵, 쿠키, 케이크, 앙버터"
2025,10,천안 빵지순례 부르는 빵축제 2025 빵빵데이,https://blog.naver.com/104204303/224045861164,2025. 10. 18. 23:45,"타르트, 고구마빵, 케이크, 쌀빵, 파이, 소금빵, 공갈빵, 빵빵, 감자빵"
2025,10,[블챌] K헤밍웨이 베이커리 카페 분당 빵지순례 데이트,https://blog.naver.com/sanaella/224045235827,2025. 10. 18. 9:07,타르트
2025,10,충남 가볼만한곳 천안 빵지순례 뚜쥬르 빵돌가마마을 추천빵,https://blog.naver.com/rokavirus/224059614331,2025. 10. 31. 6:06,"까눌레, 마늘빵, 케이크, 호밀빵, 소금빵"
2025,10,[블챌] [봉천동 밀본 베이커리] 매일 생식빵을 완판시키는 서울 빵지순례 관악구 빵집,https://blog.naver.com/ulkeuni96/224056284059,2025. 10. 28. 11:16,
2025,10,제주 런던베이글 캐치테이블 추천 메뉴 포장 제주 빵지순례,https://blog.naver.com/hyo761/224036823630,2025. 10. 10. 17:16,"베이글, 프레첼"
2025,10,부산 신상카페 전국 빵지순례 순위 소사베이커리,https://blog.naver.com/dlditgh999/224040611544,2025. 10. 14. 11:09,케이크
2025,10,대전 성심당 본점 빵지순례 빵 종류 주차 임산부 프리패스,https://blog.naver.com/ko4791917/224057072986,2025. 10. 28. 23:42,"크루아상, 샌드위치, 빵류, 파이"
2025,10,애월빵공장 대구 오픈 제주 감성 빵지순례 침산동 대형 카페,https://blog.naver.com/red_gg0_ma/224048106461,2025. 10. 21. 7:40,"쌀빵, 애월빵, 소금빵"
2025,10,청주 소금빵 맛집 우소빵 도청점 다녀오다 유명빵집 빵지순례,https://blog.naver.com/jiyeon4847/224059445462,2025. 10. 30. 23:45,소금빵
2025,10,부산 빵지순례 사하단팥빵 줄 서서 먹는 다대포 빵집,https://blog.naver.com/lordlysj/224055776263,2025. 10. 28. 9:30,"마늘빵, 단팥빵, 소금빵, 빵피"
2025,10,[블챌] 부산 강서구 가볼만한곳 한옥 카페 빵집 빵지순례,https://blog.naver.com/hloveh01/224043855442,2025. 10. 17. 0:45,"케이크, 빵값, 마들렌, 제빵, 호박빵, 츄러스, 소금빵, 제과제빵"
2025,10,경주 빵지순례 생활의달인 경주 농부의 주말빵집 주말만 오픈~,https://blog.naver.com/anndam/224037176044,2025. 10. 11. 0:20,"제과제빵, 황남빵, 빵맛, 경주빵"
2025,10,전추 초코파이 기념품 빵지순례 특산물 먹거리,https://blog.naver.com/rdal89/224038803290,2025. 10. 15. 18:50,
2025,10,광주 수완지구 카페 키리키리 베이커리 하우스 빵지순례 추천,https://blog.naver.com/ontheroad_gh/224046347182,2025. 10. 19. 15:07,"크루아상, 베이글, 소금빵, 쿠키"
2025,10,강릉빵지순례 구황작물 맛집 정남미명과 수평선점 후기,https://blog.naver.com/hansoo8824/224056695805,2025. 10. 28. 18:20,"호박빵, 고구마빵, 케이크, 감자빵"
2025,10,[블챌] 부산 빵지순례 영도 카페 베이커리 예술인 피아크,https://blog.naver.com/rano_0114/224051701838,2025. 10. 23. 23:31,"케이크, 메론빵, 문어빵, 멜론빵, 프레첼"
2025,10,부산 빵지순례 후스후무무 해운대 빵집 베이커리 카페,https://blog.naver.com/cjssus3/224058997174,2025. 10. 30. 16:00,"쿠키, 피스타치오, 크루아상, 샌드위치, 스콘, 소금빵, 잠봉뵈르"
2025,10,서울 여의도 더현대 빵지순례 런던베이글뮤지엄 대표 메뉴 웨이팅,https://blog.naver.com/hy7276/224060200163,2025. 10. 31. 16:14,베이글
2025,10,[블챌] 해운대빵지순례 부엌간 베이커리 해운대빵집 추천,https://blog.naver.com/sincity01/224055608916,2025. 10. 27. 18:58,"피스타치오, 크루아상, 샌드위치, 제빵, 퀸아망"
2025,10,담양 빵지순례 빵집 카페 여기에도 빵집이 있어? 잠봉뵈르 트루와지엠,https://blog.naver.com/ko4791917/224052045009,2025. 10. 24. 9:58,"잠봉뵈르, 샌드위치, 두바이초콜릿"
2025,10,"창원 여행, 그린하우스 주남점! 저수지 뷰 빵지순례 초대형 카페",https://blog.naver.com/polipoli37/224053150177,2025. 10. 25. 8:52,"크루아상, 소금빵, 제빵, 케이크"
2025,10,대전역 환승 대전 성심당 예약 현장구매 빵지순례,https://blog.naver.com/hn_bong/224050841176,2025. 10. 23. 10:31,"케이크, 마들렌, 파이, 찐빵, 소금빵, 소보로빵"
2025,10,경기도 파주 가성비 맛집 빵집 조은도너츠 예약 빵지순례,https://blog.naver.com/collier13/224034281913,2025. 10. 7. 20:37,도넛
2025,10,안동 맘모스베이커리 본점 크림치즈빵 후기 3대빵집 빵지순례,https://blog.naver.com/huniiyurii/224034472047,2025. 10. 9. 15:30,"맘모스빵, 도넛"
2025,10,부산 빵지순례 광안리 빵집 더베이베이커리 모찌 맘모스,https://blog.naver.com/otshj/224049457921,2025. 10. 22. 7:40,"빵치니님, 빵피, 맘모스빵, 피스타치오, 휘낭시에, 샌드위치"
2025,10,제주도 빵집 런던베이글 오션뷰 제주카페 빵지순례 런던베이글뮤지엄 제주 가격 웨이팅,https://blog.naver.com/crom234/224035249878,2025. 10. 9. 0:40,"샌드위치, 베이글, 빵짐, 프레첼"
2025,10,✨2025대전빵축제 극악의 웨이팅을 뚫고 다녀옴 & 빵지순례 리얼 후기! ✨,https://blog.naver.com/audrey2311/224047305583,2025. 10. 20. 12:50,샌드위치
2025,10,통영중앙시장꿀빵 오미사꿀빵 통영 먹거리 빵지순례,https://blog.naver.com/kdskds4329/224057589551,2025. 10. 29. 12:59,꿀빵
2025,10,울산 빵 맛집 정일준과자점 남구 빵집 빵지순례,https://blog.naver.com/limbely/224054265475,2025. 10. 26. 15:43,"소금빵, 케이크"
2025,10,부산 초량온당 빵지순례 레전드 초량역 맛집,https://blog.naver.com/fnvidir/224032178489,2025. 10. 5. 5:00,"빵켓팅, 맘모스빵, 쫀득빵, 피스타치오, 소금빵"
2025,10,[빵지순례] 삼각지 건강빵 맛집 밀도메인,https://blog.naver.com/enabler84/224059087587,2025. 10. 30. 17:14,"타르트, 케이크, 휘낭시에, 샌드위치, 스콘, 소금빵, 잠봉뵈르"
2025,10,제주도 빵집 런던베이글뮤지엄 주차 메뉴 추천 포장 제주 빵지순례,https://blog.naver.com/h_ana_24/224038045286,2025. 10. 11. 23:48,"베이글, 잠봉뵈르"
2025,10,여수 여행 기념품 먹거리 이순신광장 꼬북샌드 빵지순례,https://blog.naver.com/jiwoo242712/224060367835,2025. 10. 31. 18:45,쿠키
2025,10,서울 빵지순례 성북동 나폴레옹과자점 본점,https://blog.naver.com/wnsghdudwls/224058466524,2025. 10. 30. 7:58,"쿠키, 케이크"
2025,11,제천 여행 빵지순례 부성당 빵집,https://blog.naver.com/104204303/224084372774,2025. 11. 22. 13:29,"케이크, 소금빵, 크루아상, 샌드위치, 베이글, 제과제빵, 쫄식빵"
2025,11,안동 맘모스 제과 베이커리 전국 3대 빵집 크림치즈빵 빵지순례,https://blog.naver.com/zzxx2424/224090427203,2025. 11. 28. 7:00,"케이크, 맘모스빵, 단팥빵, 소보로빵, 빵빵"
2025,11,제주 픽업카페 포함 제주 빵지순례 지도 코스 아베베 모찌마루,https://blog.naver.com/andlstjs/224083327502,2025. 11. 21. 15:00,"쿠키, 빵케팅, 푸딩, 도넛, 소금빵, 앙버터"
2025,11,마곡 빵집 강서구 성심당 다운 빵지순례 우장산 타르데마 감탄해,https://blog.naver.com/dmsqneod/224085545384,2025. 11. 23. 21:17,"쿠키, 케이크, 단팥빵, 소금빵, 마들렌, 도넛, 프레첼, 츄러스, 베이글, 에그타르트, 감자빵"
2025,11,대전 성심당 대전역점 빵지순례 대전여행 코스,https://blog.naver.com/hanke/224086942334,2025. 11. 25. 0:18,단팥빵
2025,11,미사 카페 빵지순례 추천 브레딕트 강동점 유럽빵이 먹고 싶다면,https://blog.naver.com/8mmm8/224091654662,2025. 11. 28. 22:18,케이크
2025,11,후와후와 모치점: 망원 빵지순례 오픈런 성공! 주말 웨이팅 및 두바이 소라빵 후기,https://blog.naver.com/joobilating/224059015668,2025. 11. 8. 0:00,"소라빵, 쿠키, 두바이초콜릿, 쫀득빵피, 쫀득빵, 피스타치오, 크루아상, 베이글"
2025,11,오야츠 베이커리 해운대 빵집 해운대 케이크 부산해운대빵지순례 추천♪,https://blog.naver.com/believe1011/224090234235,2025. 11. 27. 17:45,"제빵, 소금빵, 쿠키, 케이크"
2025,11,후쿠오카 빵집 빵스톡 명란바게트 빵지순례 텐진 현지인 맛집,https://blog.naver.com/projsh77/224079868938,2025. 11. 18. 13:32,"야키소바빵, 앙버터, 메론빵"
2025,11,경주 한옥 대형 카페 아래헌 빵지순례 추천,https://blog.naver.com/kwonakong/224074899049,2025. 11. 13. 17:10,
2025,11,대전 빵지순례 아직도 성심당만 가세요? 풍자 또간집에 나온 빵집 '어디'?,https://blog.naver.com/jinnnnnyj/224077841861,2025. 11. 16. 19:21,"소금빵, 케이크"
2025,11,대구 동성로 빵집 맛집 빵지순례 소베 웨이팅 추천 메뉴,https://blog.naver.com/yomo__/224090427644,2025. 11. 27. 21:19,"소금빵, 휘낭시에"
2025,11,[블챌] 전국 3대 빵집 어디? 빵지순례 가이드,https://blog.naver.com/challenge365/224084170331,2025. 11. 22. 8:13,"크루아상, 맘모스빵, 단팥빵, 케이크"
2025,11,청주 빵지순례 소금빵 맛집 우소빵 도청점,https://blog.naver.com/poketeva/224072258590,2025. 11. 11. 14:14,"샌드위치, 소금빵"
2025,11,대전 데이트코스 추천 갈만한곳 대전 빵지순례 성심당 거리 나들이,https://blog.naver.com/hanjun66/224087325317,2025. 11. 27. 6:10,"샌드위치, 단팥빵, 케이크"
2025,11,부산 해운대 빵지순례 동화같은 베이커리 카페 후스후무무,https://blog.naver.com/qhwn0130/224091607392,2025. 11. 28. 21:22,"쿠키, 피스타치오, 샌드위치, 빵맛, 소금빵"
2025,11,전라도 광주 여행 빵지순례 카페 더비 선물,https://blog.naver.com/rdal89/224072650053,2025. 11. 11. 19:40,"까눌레, 소금빵, 케이크"
2025,11,[블챌] 제과기능장 제주 빵집 빵지순례 베이커리온유,https://blog.naver.com/xogusth1004/224086118965,2025. 11. 24. 11:37,"타르트, 케이크, 맘모스빵, 휘낭시에, 샌드위치, 도넛, 소금빵"
2025,11,해운대 빵집 부산당 가성비 좋은 신상 베이커리 빵지순례 내돈내산 후기 / 추천빵,https://blog.naver.com/eunji3231/224091249251,2025. 11. 28. 15:22,"쿠키, 프레첼, 파이, 단팥빵, 휘낭시에, 마들렌, 크루아상, 샌드위치, 슈톨렌, 스콘, 소금빵, 소보로빵"
2025,11,"망원동 빵지순례 3선, 줄 서서 먹는 베이커리 총정리",https://blog.naver.com/7460646/224073881921,2025. 11. 12. 19:56,"소금빵, 쫀득빵, 피스타치오, 샌드위치, 베이글"
2025,11,삼성역 빵집 르푸도레 빵지순례 후기 쿠키 맛있는 코엑스 베어커리 카페 맛집 소금빵,https://blog.naver.com/everybean/224071830496,2025. 11. 11. 7:28,"쿠키, 케이크, 빵돌빵, 제빵, 샌드위치, 소금빵"
2025,11,서울 빵지순례 장충동 태극당 본점 빵 케이크 모나카,https://blog.naver.com/104204303/224064900728,2025. 11. 4. 23:30,"케이크, 맘모스빵, 단팥빵, 샌드위치, 팥빵, 스콘, 소금빵, 버터빵, 앙버터"
2025,11,담양 빵지순례 베이커리 댓잎 잠봉 담봉뵈르,https://blog.naver.com/ko4791917/224070205528,2025. 11. 9. 21:11,"샌드위치, 잠봉뵈르"
2025,11,[블챌] 부산 광안리 디저트 휘낭시에 빵지순례 베이크꼼마,https://blog.naver.com/rano_0114/224093005589,2025. 11. 30. 12:41,"까눌레, 두바이초콜릿, 케이크, 피스타치오, 휘낭시에, 에그타르트"
2025,11,울산 빵지순례 랑콩뜨레 송정 본점 빵 맛집 간식 먹거리,https://blog.naver.com/messier1212/224084223116,2025. 11. 22. 9:48,"제과제빵, 베이글, 소금빵, 케이크"
2025,11,대전 소금빵 맛집 보문오거리 극동제과 빵지순례 필수코스,https://blog.naver.com/djpinky/224092081169,2025. 11. 29. 11:27,"소금빵, 쿠키, 크룽지"
2025,11,대전 빵지순례 코스 몽심 대흥점 휘낭시에 마들렌 메뉴 후기 + 주문 꿀팁,https://blog.naver.com/haminhoo/224091489222,2025. 11. 28. 18:54,"타르트, 푸딩, 빵류, 휘낭시에, 마들렌, 츄러스, 에그타르트, 빵빵"
2025,11,부산 빵지순례 전포 허대빵 두바이 웨이팅 가격 솔직후기,https://blog.naver.com/yui017/224083916519,2025. 11. 21. 22:51,"베이글, 피스타치오"
2025,11,대구빵지 순례 맛집 앞산 카페거리 베이글 브리에브레드,https://blog.naver.com/no1special/224084133229,2025. 11. 22. 6:41,"샌드위치, 베이글, 스콘"
2025,11,대전 대형카페 빵지순례 빠질 수 없는 투드커피,https://blog.naver.com/byuli55/224086085894,2025. 11. 24. 11:10,"샌드위치, 베이글, 휘낭시에"
2025,11,마곡 가성비 빵집 | 타르데마베이커리 서울식물원점 빵지순례 후기,https://blog.naver.com/sx_xon/224093135227,2025. 11. 30. 15:45,"케이크, 마들렌, 슈톨렌, 츄러스, 소금빵, 에그타르트"
2025,11,용인 대형카페 '아리랑도원' 빵지순례 후기,https://blog.naver.com/narae0914/224090080326,2025. 11. 27. 15:38,"케이크, 맘모스빵, 빵맛, 소금빵, 에그타르트"
2025,11,부산 빵지순례 희와제과 웨이팅 없는 평일 오전 내돈내산 후기,https://blog.naver.com/kimssso5518/224086193270,2025. 11. 24. 12:45,"케이크, 빵피, 단팥빵, 통팥빵, 밤팥빵"
2025,11,청주 빵지순례 소금빵 맛집 우소빵 도청점,https://blog.naver.com/rulruru79/224081677749,2025. 11. 20. 0:42,"샌드위치, 소금빵, 빵맛"
2025,11,서산 빵집 빵지순례 NNN베이커리 오픈런 빵맛집,https://blog.naver.com/shushu_poolvilla/224075471709,2025. 11. 14. 7:48,"소금빵, 에그타르트, 퀸아망, 메론빵"
